company,snapshot_date,news_count,negative_news_ratio,positive_news_ratio,neutral_news_ratio,avg_sentiment,layoff_keyword_count,restructuring_keyword_count,cost_cutting_keyword_count,hiring_freeze_keyword_count
#Paid,2023-01-20,1,1.0,0.0,0.0,-0.9685251116752625,24,0,0,1
&Open,2022-11-10,1,0.0,0.0,1.0,0.0,1,0,0,0
100 Thieves,2022-07-06,1,0.0,0.0,1.0,0.0,10,0,0,0
100 Thieves,2023-01-03,1,0.0,0.0,1.0,0.0,10,0,0,0
1K Kirana,2023-03-28,1,0.0,0.0,1.0,0.0,11,4,0,0
2TM,2022-05-25,1,0.0,0.0,1.0,0.0,0,0,0,0
2TM,2022-08-25,1,0.0,0.0,1.0,0.0,6,0,0,0
2U,2022-07-21,1,0.0,0.0,1.0,0.0,0,1,1,0
54gene,2022-08-22,1,0.0,0.0,1.0,0.0,5,0,1,0
6sense,2022-10-05,1,0.0,0.0,1.0,0.0,11,1,1,0
99,2022-09-13,1,0.0,0.0,1.0,0.0,2,0,0,0
AU10TIX,2023-01-24,1,1.0,0.0,0.0,-0.5279685258865356,4,0,0,0
Absolute Software,2023-03-30,1,0.0,0.0,1.0,0.0,0,7,0,0
Acko,2020-03-25,1,1.0,0.0,0.0,-0.9533126354217529,6,0,2,0
Acorns,2020-05-19,1,1.0,0.0,0.0,-0.9357079863548279,8,0,0,0
Actyv.ai,2023-07-26,1,1.0,0.0,0.0,-0.9108009338378906,5,0,0,0
AdRoll,2020-03-24,1,1.0,0.0,0.0,-0.9125061631202698,3,0,0,0
Ada,2022-09-13,1,0.0,0.0,1.0,0.0,0,0,0,0
Ada,2023-01-25,1,1.0,0.0,0.0,-0.916167676448822,19,1,0,0
Ada Support,2020-04-17,1,1.0,0.0,0.0,-0.9684602618217468,7,0,1,0
Adara,2020-03-24,1,0.0,0.0,1.0,0.0,0,0,0,0
Addepar,2023-01-11,1,1.0,0.0,0.0,-0.955524206161499,5,0,0,0
Addi,2022-06-07,1,0.0,0.0,1.0,0.0,14,0,1,0
Afterverse,2022-05-27,1,0.0,0.0,1.0,0.0,1,0,0,0
Agoda,2020-05-11,1,1.0,0.0,0.0,-0.5488415360450745,24,0,0,0
AirMap,2020-04-23,1,1.0,0.0,0.0,-0.8873463869094849,24,0,0,0
Airbnb,2020-04-28,1,1.0,0.0,0.0,-0.5883642435073853,25,0,0,0
Airlift,2022-05-18,1,1.0,0.0,0.0,-0.6567724943161011,0,0,0,0
Airlift,2022-07-05,1,0.0,0.0,1.0,0.0,2,0,0,0
Airmeet,2023-05-18,1,0.0,0.0,1.0,0.0,11,0,0,0
Airtable,2022-12-01,1,1.0,0.0,0.0,-0.9512504935264587,12,0,0,0
Airtasker,2022-06-27,1,0.0,0.0,1.0,0.0,0,0,1,0
Airtasker,2023-04-20,1,0.0,0.0,1.0,0.0,0,2,2,0
Airy Rooms,2020-04-15,1,0.0,0.0,1.0,0.0,0,0,0,0
Airy Rooms,2020-04-30,1,0.0,0.0,1.0,0.0,3,0,0,0
Aiven,2023-01-11,1,0.0,0.0,1.0,0.0,0,0,0,0
Ajaib,2022-11-21,1,0.0,0.0,1.0,0.0,0,0,0,0
Akerna,2022-05-20,1,0.0,0.0,1.0,0.0,0,4,1,0
Akili Labs,2023-01-05,1,1.0,0.0,0.0,-0.9379144310951233,5,0,1,0
Akseleran,2023-07-20,1,0.0,0.0,1.0,0.0,0,0,0,0
Akulaku,2020-04-08,1,0.0,0.0,1.0,0.0,0,0,0,0
AlayaCare,2022-08-09,1,1.0,0.0,0.0,-0.9451097846031189,14,1,2,0
Alerzo,2022-08-26,1,1.0,0.0,0.0,-0.8622336387634277,22,0,0,0
Alerzo,2023-02-27,1,1.0,0.0,0.0,-0.9637385606765747,10,0,0,0
AliExpress Russia,2022-05-07,1,1.0,0.0,0.0,-0.8499701023101807,1,0,0,0
Alibaba Cloud,2023-05-17,1,1.0,0.0,0.0,-0.8769737482070923,1,0,0,0
Almanac,2022-08-06,1,0.0,0.0,1.0,0.0,3,0,0,0
Alteryx,2023-04-20,1,1.0,0.0,0.0,-0.9597595930099487,9,0,0,0
Alto Pharmacy,2020-09-22,1,1.0,0.0,0.0,-0.8093106150627136,22,0,0,0
Alto Pharmacy,2022-07-07,1,0.0,0.0,1.0,0.0,4,0,1,0
Amazon,2023-03-13,1,1.0,0.0,0.0,-0.9436618089675903,4,0,0,0
Amazon,2023-07-06,1,1.0,0.0,0.0,-0.8990705609321594,3,0,0,0
Amdocs,2022-12-26,1,1.0,0.0,0.0,-0.9392263293266296,4,0,0,0
Amdocs,2023-06-29,1,1.0,0.0,0.0,-0.9676936268806458,5,0,0,0
American Robotics,2023-01-10,1,1.0,0.0,0.0,-0.9564542770385742,13,0,0,0
Amobee,2022-11-02,1,0.0,0.0,1.0,0.0,1,0,0,0
Amount,2022-06-20,1,1.0,0.0,0.0,-0.8095027804374695,4,0,0,0
Amplitude,2023-03-29,1,0.0,0.0,1.0,0.0,1,0,0,0
Anagram,2020-03-27,1,1.0,0.0,0.0,-0.9552152752876282,4,0,0,0
Anaplan,2023-06-14,1,0.0,0.0,1.0,0.0,18,0,0,0
Andela,2020-04-28,1,0.0,0.0,1.0,0.0,26,0,0,0
AngelList,2020-03-24,1,1.0,0.0,0.0,-0.9627648591995239,11,0,0,0
Ankorstore,2023-02-27,1,0.0,0.0,1.0,0.0,4,2,1,0
Anodot,2022-06-29,2,0.0,0.0,1.0,0.0,6,0,0,0
AnswerLab,2023-03-23,1,0.0,0.0,1.0,0.0,0,1,0,0
Antidote Health,2022-10-16,1,1.0,0.0,0.0,-0.945838212966919,4,0,0,0
Anyvision,2020-03-12,1,0.0,0.0,1.0,0.0,2,0,0,0
Anywell,2022-08-07,1,1.0,0.0,0.0,-0.9652279615402222,5,4,0,0
Apartment List,2022-08-24,1,0.0,0.0,1.0,0.0,0,0,0,0
Apollo Insurance,2022-11-08,1,1.0,0.0,0.0,-0.8329634070396423,5,0,0,0
App Annie,2020-04-21,1,1.0,0.0,0.0,-0.7423793077468872,1,2,0,0
AppHarvest,2023-07-17,1,0.0,0.0,1.0,0.0,0,2,0,0
Appgate,2023-01-25,1,1.0,0.0,0.0,-0.5069948434829712,0,0,0,0
Aqgromalin,2022-06-13,1,0.0,0.0,1.0,0.0,10,1,0,0
Aqua Security,2022-11-28,1,0.0,0.0,1.0,0.0,3,0,0,0
Arc,2022-07-13,1,0.0,0.0,1.0,0.0,0,1,0,0
Arch Oncology,2023-01-06,1,0.0,0.0,1.0,0.0,0,0,0,0
Arete,2022-07-15,1,1.0,0.0,0.0,-0.9709633588790894,10,0,0,0
Argo AI,2022-06-30,1,1.0,0.0,0.0,-0.9392499923706055,7,0,0,0
Argyle,2022-08-19,1,1.0,0.0,0.0,-0.9400807023048401,7,0,0,0
Arive,2023-07-17,1,0.0,0.0,1.0,0.0,0,0,0,0
Armis,2022-12-01,1,0.0,0.0,1.0,0.0,3,0,0,0
Arrival,2022-07-06,1,1.0,0.0,0.0,-0.7611886262893677,6,2,0,0
Arrival,2022-10-13,1,0.0,0.0,1.0,0.0,0,0,0,0
Arrival,2023-01-23,1,1.0,0.0,0.0,-0.945361316204071,4,5,0,0
Arrive Logistics,2020-03-27,1,1.0,0.0,0.0,-0.9450504779815674,0,0,0,0
Article,2022-07-28,1,0.0,0.0,1.0,0.0,7,0,0,0
Articulate,2023-01-26,1,0.0,0.0,1.0,0.0,0,0,0,0
Artnight,2022-08-24,1,0.0,0.0,1.0,0.0,0,0,0,0
Artsy,2023-06-22,1,1.0,0.0,0.0,-0.7535145878791809,5,0,0,0
Asana,2022-11-08,1,0.0,0.0,1.0,0.0,3,0,0,0
Aspire,2022-07-08,1,1.0,0.0,0.0,-0.635481059551239,4,0,0,0
Astra,2020-03-29,1,1.0,0.0,0.0,-0.9521103501319885,2,0,0,0
Astra,2022-11-01,1,0.0,0.0,1.0,0.0,0,0,0,0
Astra,2023-07-28,1,1.0,0.0,0.0,-0.9556196331977844,8,0,0,0
Astronomer,2022-12-28,1,0.0,0.0,1.0,0.0,1,0,0,0
Athennian,2023-06-28,1,1.0,0.0,0.0,-0.9100028872489929,13,1,1,0
Atlas Obscura,2020-06-11,1,0.0,0.0,1.0,0.0,4,0,0,0
Atlassian,2023-02-27,1,1.0,0.0,0.0,-0.8352399468421936,3,0,0,0
AtoB,2022-10-12,1,1.0,0.0,0.0,-0.929662823677063,8,1,0,0
Atome,2022-09-29,1,0.0,0.0,1.0,0.0,0,0,0,0
Attentive,2022-12-29,1,1.0,0.0,0.0,-0.9425742030143738,9,0,0,0
AudioCodes,2023-05-02,1,1.0,0.0,0.0,-0.9269591569900513,5,0,0,0
AudioCodes,2023-07-06,1,1.0,0.0,0.0,-0.960627555847168,2,0,0,0
Augury,2022-12-28,1,1.0,0.0,0.0,-0.74864661693573,2,0,0,0
Augury,2023-07-26,1,1.0,0.0,0.0,-0.8952240943908691,7,0,0,0
Aura Financial,2021-01-04,1,0.0,0.0,1.0,0.0,0,0,0,0
Autograph,2022-12-09,1,1.0,0.0,0.0,-0.6487066149711609,7,0,0,0
Autograph,2023-04-27,1,1.0,0.0,0.0,-0.8657681941986084,4,0,0,0
Automatic,2020-04-24,1,0.0,0.0,1.0,0.0,2,0,0,0
Automation Anywhere,2020-04-20,1,1.0,0.0,0.0,-0.9085381627082825,3,1,0,0
Automox,2022-04-11,1,1.0,0.0,0.0,-0.5072610974311829,0,0,0,0
Automox,2022-06-06,1,0.0,0.0,1.0,0.0,2,0,0,0
AvantStay,2022-06-22,1,1.0,0.0,0.0,-0.8079891800880432,2,1,0,0
AvantStay,2022-11-02,1,1.0,0.0,0.0,-0.7305936813354492,4,1,0,0
AvantStay,2023-06-13,1,1.0,0.0,0.0,-0.6788551807403564,6,1,0,0
Avo,2022-04-24,1,1.0,0.0,0.0,-0.9167616367340088,1,0,0,0
Avocargo,2023-03-30,1,0.0,0.0,1.0,0.0,0,0,0,0
Away,2020-03-31,1,1.0,0.0,0.0,-0.9666779637336731,8,0,0,0
Aya,2020-11-12,1,0.0,0.0,1.0,0.0,3,0,1,0
Ayoconnect,2023-07-27,1,0.0,0.0,1.0,0.0,1,0,0,0
Azibo,2023-05-29,1,0.0,0.0,1.0,0.0,3,0,0,0
B8ta,2020-03-19,1,1.0,0.0,0.0,-0.9090434908866882,2,0,1,0
BM Technologies,2023-01-23,1,0.0,0.0,1.0,0.0,0,0,0,0
BVAccel,2020-04-01,1,1.0,0.0,0.0,-0.9595758318901062,2,0,0,0
Babylon Health,2023-08-02,1,0.0,0.0,1.0,0.0,3,2,0,0
Back Market,2022-12-16,1,1.0,0.0,0.0,-0.9358495473861694,4,0,1,0
Banxa,2022-06-20,1,1.0,0.0,0.0,-0.8585813641548157,2,0,1,0
Bardee,2023-07-27,1,0.0,0.0,1.0,0.0,2,0,0,0
Bark,2023-02-02,1,0.0,1.0,0.0,0.8776875734329224,0,0,3,0
Basis Technologies,2023-02-14,1,0.0,0.0,1.0,0.0,3,2,0,0
Baton,2022-06-22,1,1.0,0.0,0.0,-0.9366011023521423,2,0,0,0
Beamery,2023-01-03,1,0.0,0.0,1.0,0.0,2,0,1,0
Beat,2022-11-01,1,0.0,0.0,1.0,0.0,0,0,0,0
BeeTech,2020-04-03,1,0.0,0.0,1.0,0.0,0,0,0,0
Bench,2020-03-20,1,1.0,0.0,0.0,-0.9498433470726013,8,3,0,0
Benevity,2023-01-11,1,0.0,0.0,1.0,0.0,0,0,0,0
BenevolentAI,2023-05-18,1,0.0,0.0,1.0,0.0,0,0,0,0
Benitago Group,2022-10-28,1,1.0,0.0,0.0,-0.9066969752311707,4,0,0,0
Berkeley Lights,2022-08-02,1,0.0,0.0,1.0,0.0,0,0,0,0
Berlin Brands Group,2022-06-03,1,1.0,0.0,0.0,-0.9461463093757629,0,0,1,0
Bestow,2022-06-17,1,1.0,0.0,0.0,-0.7459931969642639,2,0,0,0
Better.com,2021-11-24,1,1.0,0.0,0.0,-0.6988475322723389,7,0,0,0
Better.com,2022-04-12,1,1.0,0.0,0.0,-0.955405592918396,12,0,0,0
Better.com,2022-08-19,1,1.0,0.0,0.0,-0.9263359904289246,12,0,0,0
BetterUp,2023-07-26,1,1.0,0.0,0.0,-0.6551101207733154,0,0,0,0
Betterfly,2023-01-11,1,0.0,0.0,1.0,0.0,0,0,0,0
Betterment,2023-02-08,1,0.0,0.0,1.0,0.0,2,0,0,0
Beyond Meat,2022-10-07,2,1.0,0.0,0.0,-0.9132249653339386,4,0,1,0
BeyondMinds,2022-05-16,1,0.0,0.0,1.0,0.0,0,0,0,0
BharatAgri,2023-01-08,1,1.0,0.0,0.0,-0.7959064245223999,16,0,0,0
Big Cabal Media,2023-07-28,1,1.0,0.0,0.0,-0.9073633551597595,2,0,0,0
BigPanda,2023-04-17,1,1.0,0.0,0.0,-0.48512765765190125,4,2,0,0
Bikayi,2022-07-21,1,0.0,0.0,1.0,0.0,2,0,0,0
Bird,2020-03-20,1,1.0,0.0,0.0,-0.7378630638122559,22,0,0,0
Bishop Fox,2023-04-25,1,0.0,0.0,1.0,0.0,10,2,0,0
BitSight,2023-02-19,1,1.0,0.0,0.0,-0.5186221599578857,3,0,0,0
BitTitan,2021-11-11,1,0.0,0.0,1.0,0.0,6,0,0,0
Bitfarms,2020-03-30,1,1.0,0.0,0.0,-0.7879446148872375,3,0,1,0
Bitrise,2022-09-07,1,0.0,0.0,1.0,0.0,0,0,1,0
Bitso,2022-05-19,1,0.0,0.0,1.0,0.0,5,0,0,0
Bittrex,2023-01-26,1,1.0,0.0,0.0,-0.9631220102310181,3,0,0,0
Bitwise,2023-06-07,1,0.0,0.0,1.0,0.0,1,0,0,0
Bizzabo,2022-06-28,1,1.0,0.0,0.0,-0.35053104162216187,2,0,0,0
Bizzabo,2022-11-24,1,1.0,0.0,0.0,-0.8514103293418884,4,0,0,0
Black Shark,2023-01-06,1,1.0,0.0,0.0,-0.9659162759780884,1,0,0,0
BlackBuck,2020-04-10,1,1.0,0.0,0.0,-0.5626973509788513,2,0,0,0
BlackLine,2023-08-16,1,1.0,0.0,0.0,-0.9238258004188538,0,0,0,0
Blackbaud,2023-02-07,1,0.0,0.0,1.0,0.0,6,0,0,0
Bleacher Report,2020-09-04,1,0.0,0.0,1.0,0.0,7,0,0,0
Blend,2022-04-12,1,1.0,0.0,0.0,-0.8770672678947449,6,0,0,0
Blend,2022-08-08,1,1.0,0.0,0.0,-0.9240581393241882,2,0,1,0
Blend,2022-11-03,1,1.0,0.0,0.0,-0.9667811393737793,4,0,0,0
Blend,2023-08-02,1,0.0,0.0,1.0,0.0,2,0,0,0
BlockFi,2022-11-21,1,0.0,0.0,1.0,0.0,3,0,0,0
Blockchain.com,2022-07-14,1,1.0,0.0,0.0,-0.9715766310691833,3,0,0,0
Blockchain.com,2023-01-05,1,1.0,0.0,0.0,-0.9720547795295715,2,0,0,0
BloomTech,2022-11-24,1,1.0,0.0,0.0,-0.9543038010597229,11,0,1,0
Blue Nile,2023-03-21,1,1.0,0.0,0.0,-0.8758667707443237,3,0,0,0
BlueStacks,2022-07-13,1,0.0,0.0,1.0,0.0,10,1,0,0
Blueground,2020-03-20,1,1.0,0.0,0.0,-0.6891217827796936,23,0,0,0
Bluepad,2023-04-06,1,0.0,0.0,1.0,0.0,2,0,0,0
Bol.com,2022-12-02,1,1.0,0.0,0.0,-0.9695408344268799,1,0,2,0
Bolt,2023-02-14,1,1.0,0.0,0.0,-0.8554076552391052,9,3,0,0
Bonsai,2022-04-19,1,1.0,0.0,0.0,-0.6547684669494629,14,4,0,0
Bonsai,2022-06-13,1,1.0,0.0,0.0,-0.9678806662559509,15,1,0,0
Bonterra,2023-01-06,1,1.0,0.0,0.0,-0.8420594334602356,2,1,0,0
Bonusly,2023-03-02,1,0.0,0.0,1.0,0.0,3,0,0,0
BookMyShow,2020-05-21,1,1.0,0.0,0.0,-0.5385631322860718,1,0,0,0
Booking.com,2020-07-23,1,0.0,0.0,1.0,0.0,2,3,0,0
Booktopia,2022-06-21,1,1.0,0.0,0.0,-0.8934363722801208,3,0,0,0
Booktopia,2023-01-16,1,0.0,0.0,1.0,0.0,0,0,0,0
Boost,2023-03-28,1,0.0,0.0,1.0,0.0,0,0,0,0
Boosted Commerce,2022-07-15,1,1.0,0.0,0.0,-0.7038895487785339,3,0,0,0
Boozt,2022-06-02,1,0.0,0.0,1.0,0.0,0,0,0,0
Borrowell,2020-03-30,1,1.0,0.0,0.0,-0.8638519644737244,6,0,0,0
Bossa Nova,2020-06-22,1,0.0,0.0,1.0,0.0,0,0,0,0
Bossa Nova,2020-10-26,1,1.0,0.0,0.0,-0.6754027605056763,0,0,0,0
Bounce,2020-06-22,1,0.0,0.0,1.0,0.0,1,0,1,0
Bounce,2021-02-15,1,1.0,0.0,0.0,-0.9632379412651062,13,0,0,0
Bounce,2022-12-30,1,0.0,0.0,1.0,0.0,8,0,5,0
BounceX,2020-03-30,1,0.0,0.0,1.0,0.0,0,0,0,0
Brainly,2022-10-30,1,1.0,0.0,0.0,-0.7610043883323669,4,0,0,0
Brainly,2023-05-17,1,0.0,0.0,1.0,0.0,0,0,0,0
Branch,2020-06-04,1,1.0,0.0,0.0,-0.6282810568809509,3,0,0,0
Branch,2023-06-01,1,1.0,0.0,0.0,-0.5420766472816467,3,0,0,0
Branch Metrics,2020-03-31,1,0.0,0.0,1.0,0.0,4,0,0,0
Breathe,2022-06-07,1,0.0,0.0,1.0,0.0,10,0,3,0
Breather,2020-12-09,1,0.0,0.0,1.0,0.0,2,0,1,0
Brex,2020-05-22,1,1.0,0.0,0.0,-0.895279049873352,23,1,0,0
Brex,2022-10-04,1,1.0,0.0,0.0,-0.8854365348815918,7,3,0,0
Brighte,2022-06-13,1,1.0,0.0,0.0,-0.9661430716514587,1,0,0,0
Brighte,2022-09-02,1,0.0,0.0,1.0,0.0,0,0,0,0
Brightline,2022-10-25,1,1.0,0.0,0.0,-0.9280431270599365,4,0,0,0
Bringg,2020-04-14,1,1.0,0.0,0.0,-0.4994412362575531,6,0,0,0
Briza,2022-12-13,1,1.0,0.0,0.0,-0.802955150604248,8,0,0,0
Brodmann17,2022-12-02,1,0.0,0.0,1.0,0.0,2,0,0,0
Buenbit,2022-05-16,1,1.0,0.0,0.0,-0.9222966432571411,3,0,0,0
Builder,2020-05-28,1,1.0,0.0,0.0,-0.5772748589515686,6,0,0,0
Bukalapak,2023-08-02,1,0.0,0.0,1.0,0.0,0,0,0,0
Bullhorn,2020-04-23,1,1.0,0.0,0.0,-0.7661964297294617,23,0,0,0
Bundle Africa,2023-07-14,1,1.0,0.0,0.0,-0.5327829122543335,0,1,0,0
BusBud,2020-03-30,1,0.0,0.0,1.0,0.0,0,0,0,0
Bustle Digital Group,2020-03-27,2,1.0,0.0,0.0,-0.940034806728363,9,0,1,0
Bustle Digital Group,2023-01-25,1,1.0,0.0,0.0,-0.7944290041923523,5,0,0,0
Butler Hospitality,2022-07-01,1,1.0,0.0,0.0,-0.5236933827400208,7,0,0,0
Buy.com / Rakuten,2020-07-23,1,1.0,0.0,0.0,-0.9164922833442688,4,0,0,0
BuzzFeed,2022-11-29,1,1.0,0.0,0.0,-0.932198166847229,7,1,2,0
BuzzFeed,2023-04-13,1,1.0,0.0,0.0,-0.8231438398361206,3,0,1,0
Buzzer,2022-06-13,1,0.0,1.0,0.0,0.6723537445068359,2,0,0,0
Buzzer,2023-05-02,1,0.0,0.0,1.0,0.0,0,0,0,0
Buzzer,2023-06-23,1,0.0,0.0,1.0,0.0,0,0,0,0
Bybit,2022-06-13,2,0.5,0.0,0.5,-0.32932597398757935,7,0,1,0
Bybit,2022-11-26,1,1.0,0.0,0.0,-0.9659508466720581,5,2,0,0
Byju's,2022-10-05,1,1.0,0.0,0.0,-0.9462194442749023,5,0,0,0
Byju's,2023-01-26,1,1.0,0.0,0.0,-0.9636091589927673,10,0,0,0
Byju's,2023-05-31,1,0.0,0.0,1.0,0.0,0,0,0,0
Bytedance,2021-01-20,1,1.0,0.0,0.0,-0.9442610144615173,4,0,0,0
Bytedance,2022-12-27,1,1.0,0.0,0.0,-0.9644007086753845,1,0,0,0
Byton,2020-06-20,1,1.0,0.0,0.0,-0.9241209626197815,1,0,0,0
C6 Bank,2020-03-30,1,0.0,0.0,1.0,0.0,0,0,0,0
C6 Bank,2023-01-30,1,0.0,0.0,1.0,0.0,0,0,0,0
CNET,2023-02-23,1,0.0,0.0,1.0,0.0,7,1,0,0
CS Disco,2023-01-12,1,0.0,0.0,1.0,0.0,0,0,0,0
CS Disco,2023-05-04,1,0.0,0.0,1.0,0.0,4,0,0,0
Cadre,2020-05-04,1,1.0,0.0,0.0,-0.7526174783706665,23,0,0,0
Calibrate,2022-07-01,1,0.0,0.0,1.0,0.0,1,4,0,0
Calibrate,2023-04-07,1,0.0,0.0,1.0,0.0,1,0,0,0
Caliva,2020-03-23,1,1.0,0.0,0.0,-0.931704580783844,5,0,0,0
Callisto Media,2022-07-14,1,1.0,0.0,0.0,-0.904326319694519,5,0,1,0
Callisto Media,2022-10-18,1,1.0,0.0,0.0,-0.9616479277610779,4,2,0,0
Cambricon,2023-07-24,1,1.0,0.0,0.0,-0.5157433152198792,3,0,0,0
Camp K12,2023-01-16,1,1.0,0.0,0.0,-0.4979831576347351,0,0,0,0
Cana,2023-05-06,1,0.0,0.0,1.0,0.0,1,0,0,0
Candor Technology,2023-03-10,1,0.0,0.0,1.0,0.0,6,0,1,0
Candy Digital,2022-11-21,1,0.0,0.0,1.0,0.0,9,0,0,0
Candy Digital,2023-06-22,1,0.0,0.0,1.0,0.0,10,0,0,0
Canoo,2022-06-24,1,1.0,0.0,0.0,-0.7266791462898254,6,1,0,0
Capillary,2020-03-26,1,0.0,0.0,1.0,0.0,20,0,1,0
Capiter,2022-09-02,1,1.0,0.0,0.0,-0.9469886422157288,8,0,0,0
Capitolis,2022-11-10,1,0.0,0.0,1.0,0.0,0,0,0,0
Captain Fresh,2023-01-08,1,1.0,0.0,0.0,-0.7959064245223999,16,0,0,0
Captiv8,2023-08-17,1,0.0,0.0,1.0,0.0,1,0,0,0
CarDekho,2020-05-18,1,1.0,0.0,0.0,-0.9137663245201111,4,0,0,0
CarDekho,2022-07-27,1,0.0,0.0,1.0,0.0,9,1,0,0
CarGurus,2020-04-09,1,1.0,0.0,0.0,-0.7915621995925903,22,0,0,0
Carbon,2022-10-19,1,0.0,0.0,1.0,0.0,10,1,0,0
Carbon Health,2022-12-30,1,1.0,0.0,0.0,-0.7311599254608154,0,1,0,0
CareRev,2023-01-18,1,0.0,0.0,1.0,0.0,0,0,0,0
Careem,2020-04-27,1,1.0,0.0,0.0,-0.8317280411720276,2,0,0,0
Career Karma,2022-07-21,1,1.0,0.0,0.0,-0.8633062839508057,10,0,0,0
Career Karma,2023-01-05,1,1.0,0.0,0.0,-0.9243669509887695,9,0,0,0
CareerArc,2022-12-30,1,0.0,0.0,1.0,0.0,0,0,0,0
Caribou,2022-12-05,1,0.0,0.0,1.0,0.0,3,0,0,0
Carousell,2022-11-24,1,1.0,0.0,0.0,-0.9616661667823792,6,0,0,0
Cars24,2022-05-12,1,1.0,0.0,0.0,-0.8076191544532776,11,0,0,0
Cars24,2023-04-26,1,0.0,0.0,1.0,0.0,1,0,0,0
Carsome,2022-09-23,1,0.0,0.0,1.0,0.0,0,0,0,0
Carta,2020-04-08,1,0.0,0.0,1.0,0.0,22,0,0,0
Carta,2023-01-04,1,1.0,0.0,0.0,-0.9694969058036804,8,0,1,0
Carvana,2022-05-03,1,1.0,0.0,0.0,-0.9452046155929565,6,0,0,0
Carwow,2022-11-18,1,0.0,0.0,1.0,0.0,0,0,0,0
Casavo,2023-02-06,1,1.0,0.0,0.0,-0.9510335922241211,0,0,0,0
Cashfree Payments,2023-01-05,1,1.0,0.0,0.0,-0.9671549797058105,8,1,4,0
Casper,2021-09-07,1,1.0,0.0,0.0,-0.9232174158096313,8,1,0,0
Catch.com.au,2023-01-30,1,1.0,0.0,0.0,-0.9214197397232056,1,0,0,0
Cazoo,2022-05-31,1,0.0,0.0,1.0,0.0,3,0,0,0
Cazoo,2023-01-11,1,1.0,0.0,0.0,-0.5142214298248291,1,0,1,0
Cedar,2022-06-30,1,1.0,0.0,0.0,-0.8821514248847961,4,0,0,0
Cellulant,2023-08-16,1,1.0,0.0,0.0,-0.8569685220718384,3,3,0,0
Celsius,2022-06-26,1,1.0,0.0,0.0,-0.7952144742012024,3,2,0,0
Cerebral,2022-10-17,1,1.0,0.0,0.0,-0.8801750540733337,5,0,0,0
Cerebral,2023-02-20,1,1.0,0.0,0.0,-0.7986138463020325,5,0,0,0
Cerner,2023-05-09,1,1.0,0.0,0.0,-0.5782535076141357,4,1,0,0
Cerner,2023-06-08,1,0.0,0.0,1.0,0.0,3,0,0,0
Change.org,2022-07-21,1,0.0,0.0,1.0,0.0,0,5,0,0
Chargebee,2022-10-26,1,1.0,0.0,0.0,-0.6745545268058777,4,1,0,0
Checkmarx,2020-05-11,1,1.0,0.0,0.0,-0.8164429664611816,2,1,0,0
Checkmarx,2022-10-26,1,1.0,0.0,0.0,-0.719007134437561,3,0,0,0
Checkout.com,2023-03-27,1,1.0,0.0,0.0,-0.9331272840499878,5,0,0,0
Checkr,2020-07-16,1,0.0,0.0,1.0,0.0,21,0,0,1
Cheddar,2020-04-17,1,0.0,0.0,1.0,0.0,8,0,0,0
Cheetah,2020-10-18,1,0.0,0.0,1.0,0.0,25,0,0,0
Chief,2023-04-20,1,1.0,0.0,0.0,-0.9649698138237,6,3,0,0
Chili Piper,2022-11-10,1,1.0,0.0,0.0,-0.522610068321228,4,0,0,0
Chingari,2023-06-12,1,0.0,0.0,1.0,0.0,13,3,0,0
Chingari,2023-08-17,1,0.0,0.0,1.0,0.0,16,0,0,0
Chipax,2022-11-04,1,0.0,0.0,1.0,0.0,0,0,0,0
Chipper Cash,2022-11-29,1,1.0,0.0,0.0,-0.9363011717796326,10,0,1,0
Chipper Cash,2023-02-10,1,1.0,0.0,0.0,-0.5883282423019409,6,0,0,0
Chope,2022-12-13,1,0.0,0.0,1.0,0.0,0,0,0,0
ChowNow,2022-07-06,1,0.0,0.0,1.0,0.0,4,0,0,0
ChowNow,2022-12-07,1,1.0,0.0,0.0,-0.9545024037361145,4,0,0,0
Chrono24,2022-12-01,1,0.0,0.0,1.0,0.0,0,0,0,0
Cin7,2023-03-28,1,0.0,0.0,1.0,0.0,2,0,0,0
Circ,2020-05-26,1,1.0,0.0,0.0,-0.7335911393165588,5,0,1,0
Circles.Life,2023-06-29,1,1.0,0.0,0.0,-0.6844630241394043,2,0,0,0
Circus Kitchens,2023-05-18,1,0.0,0.0,1.0,0.0,0,0,0,0
Citizen,2023-01-04,1,1.0,0.0,0.0,-0.9026855230331421,6,0,0,0
Citrine Informatics,2023-01-13,1,0.0,0.0,1.0,0.0,0,0,0,0
Citrix,2023-01-03,1,1.0,0.0,0.0,-0.9235295057296753,12,0,1,0
CityMall,2022-06-12,1,1.0,0.0,0.0,-0.9500756859779358,7,0,0,0
Cityblock Health,2023-06-01,1,1.0,0.0,0.0,-0.8992007970809937,5,5,0,0
Clari,2023-01-30,1,0.0,0.0,1.0,0.0,18,0,0,0
ClassPass,2020-03-26,1,1.0,0.0,0.0,-0.6038206219673157,22,0,0,0
Classkick,2022-07-25,1,0.0,0.0,1.0,0.0,2,0,0,0
Clear,2022-09-09,1,0.0,0.0,1.0,0.0,11,1,0,0
Clear Capital,2022-10-07,1,1.0,0.0,0.0,-0.9473168253898621,10,1,0,0
ClearCo,2023-01-09,1,1.0,0.0,0.0,-0.8494675755500793,6,0,0,0
ClearPay,2023-06-20,1,1.0,0.0,0.0,-0.6791669130325317,0,0,0,0
Clearbanc,2020-04-06,1,1.0,0.0,0.0,-0.4526589512825012,10,0,0,0
Clearbit,2020-04-15,1,1.0,0.0,0.0,-0.5587743520736694,22,0,0,0
Clearbit,2023-05-11,1,0.0,0.0,1.0,0.0,0,0,0,0
Clearco,2022-05-30,2,1.0,0.0,0.0,-0.953978568315506,11,0,0,1
Clearco,2022-07-22,1,1.0,0.0,0.0,-0.9630773663520813,14,0,0,0
Clearcover,2023-04-10,1,0.0,0.0,1.0,0.0,4,1,0,0
CleverTap,2020-04-09,1,0.0,0.0,1.0,0.0,18,0,2,0
ClickUp,2023-06-21,1,1.0,0.0,0.0,-0.9396811723709106,6,1,0,0
CloudFactory,2022-11-02,1,0.0,0.0,1.0,0.0,5,0,2,0
CloudKitchens,2022-10-27,1,0.0,0.0,1.0,0.0,5,0,1,0
CloudTrucks,2023-05-25,1,0.0,0.0,1.0,0.0,11,0,0,0
Cloudinary,2022-11-07,1,1.0,0.0,0.0,-0.5961630344390869,3,0,0,0
Clue,2023-01-11,1,0.0,0.0,1.0,0.0,0,0,0,0
Clumio,2021-02-22,1,1.0,0.0,0.0,-0.8558623194694519,2,1,0,0
Clutch,2022-06-22,1,1.0,0.0,0.0,-0.9701204299926758,8,0,0,0
Clutch,2023-01-10,1,1.0,0.0,0.0,-0.9693822860717773,10,1,1,0
Clutter,2020-03-18,1,0.0,0.0,1.0,0.0,12,0,0,0
CoLab,2023-04-11,1,1.0,0.0,0.0,-0.7928264141082764,0,0,0,0
CoSchedule,2023-01-06,1,0.0,0.0,1.0,0.0,4,1,0,0
CoachHub,2023-01-17,1,0.0,0.0,1.0,0.0,0,0,0,0
CoachHub,2023-05-25,1,0.0,0.0,1.0,0.0,0,0,0,0
Code42,2022-10-31,1,1.0,0.0,0.0,-0.9384668469429016,10,0,0,0
Code42,2023-07-10,1,0.0,0.0,1.0,0.0,3,0,0,0
CodeClan,2023-07-28,1,1.0,0.0,0.0,-0.7681620717048645,0,0,0,0
CodeCombat,2020-10-16,1,0.0,0.0,1.0,0.0,24,0,0,0
Codexis,2022-11-22,1,0.0,0.0,1.0,0.0,0,0,0,0
Cogito,2023-04-22,1,0.0,0.0,1.0,0.0,3,0,1,0
Cognyte,2022-11-25,1,0.0,0.0,1.0,0.0,0,0,0,0
Coherent,2023-03-09,1,1.0,0.0,0.0,-0.9648116827011108,13,2,0,0
Coherent,2023-05-30,1,0.0,0.0,1.0,0.0,18,1,0,0
Cohesity,2023-06-01,1,0.0,0.0,1.0,0.0,3,0,0,0
CoinDCX,2023-01-04,1,0.0,0.0,1.0,0.0,3,5,1,0
CoinDCX,2023-08-15,1,0.0,0.0,1.0,0.0,0,0,0,0
CoinSwitch,2023-08-21,1,1.0,0.0,0.0,-0.8490347266197205,7,0,0,0
CoinTracker,2023-01-21,1,1.0,0.0,0.0,-0.5107002854347229,0,0,0,0
Coinbase,2022-06-07,1,1.0,0.0,0.0,-0.959680438041687,1,0,0,0
Coinbase,2023-01-03,1,1.0,0.0,0.0,-0.8706351518630981,4,1,0,0
Coinsquare,2022-07-20,1,1.0,0.0,0.0,-0.9534444212913513,15,0,0,1
Collage.com,2022-10-02,1,0.0,0.0,1.0,0.0,0,0,0,0
Collective Health,2023-02-06,1,0.0,0.0,1.0,0.0,2,0,0,0
CommonBond,2022-05-06,1,0.0,0.0,1.0,0.0,1,0,0,0
CommonBond,2022-09-02,1,0.0,0.0,1.0,0.0,0,0,0,0
Community,2022-06-14,1,0.0,0.0,1.0,0.0,8,0,0,0
Community Gaming,2023-04-07,1,0.0,0.0,1.0,0.0,8,1,0,0
Comparis,2023-02-23,1,0.0,0.0,1.0,0.0,0,0,0,0
Compass,2020-03-16,1,1.0,0.0,0.0,-0.8070957660675049,24,0,0,0
Compete,2022-09-05,1,1.0,0.0,0.0,-0.6960211396217346,3,0,0,0
Conga,2020-06-08,1,0.0,0.0,1.0,0.0,23,0,0,0
Connected,2020-04-01,1,1.0,0.0,0.0,-0.5195525884628296,23,0,0,0
ConnectedH,2023-07-26,1,0.0,0.0,1.0,0.0,2,0,0,0
ConsenSys,2020-04-13,1,0.0,0.0,1.0,0.0,0,0,0,0
ConsenSys,2023-01-03,1,1.0,0.0,0.0,-0.954309344291687,1,0,0,0
ContaAzul,2020-04-10,1,1.0,0.0,0.0,-0.8595432043075562,8,0,0,0
ContraFect,2022-08-08,1,0.0,0.0,1.0,0.0,0,1,0,0
Convene,2020-03-16,1,1.0,0.0,0.0,-0.6262543201446533,23,0,0,0
Convene,2022-12-03,1,0.0,0.0,1.0,0.0,0,0,0,0
Convoy,2023-02-09,1,1.0,0.0,0.0,-0.8948136568069458,5,4,0,0
Convoy,2023-06-19,1,0.0,0.0,1.0,0.0,6,0,0,0
Cookpad,2023-03-03,1,0.0,0.0,1.0,0.0,0,0,0,0
Copia,2023-07-19,1,1.0,0.0,0.0,-0.9598186612129211,9,4,0,0
Copper,2023-03-15,1,1.0,0.0,0.0,-0.9432052373886108,2,0,0,0
Coupa,2023-05-23,1,0.0,0.0,1.0,0.0,3,0,0,0
Course Hero,2023-03-09,1,1.0,0.0,0.0,-0.9196374416351318,13,0,0,0
Coursera,2022-11-02,1,0.0,0.0,1.0,0.0,0,0,0,0
Credit Sesame,2020-05-27,1,1.0,0.0,0.0,-0.9555899500846863,4,0,0,0
Creditas,2020-04-01,1,0.0,0.0,1.0,0.0,0,0,0,0
Crehana,2022-06-08,1,0.0,0.0,1.0,0.0,0,0,0,0
Criteo,2023-02-14,1,1.0,0.0,0.0,-0.9553691148757935,7,0,0,0
Cruise,2020-05-07,1,0.0,0.0,1.0,0.0,2,0,1,0
Crunchbase,2023-06-29,1,0.0,0.0,1.0,0.0,2,1,0,0
Crunchyroll,2023-02-14,1,0.0,0.0,1.0,0.0,0,0,0,0
Crypto.com,2022-08-09,1,0.0,0.0,1.0,0.0,15,0,1,0
Crypto.com,2022-09-29,1,0.0,0.0,1.0,0.0,0,0,0,0
Crypto.com,2023-01-05,1,1.0,0.0,0.0,-0.9480360746383667,6,0,0,0
Cuemath,2023-05-01,1,1.0,0.0,0.0,-0.5315648317337036,2,0,1,0
Cuemath,2023-08-19,1,0.0,0.0,1.0,0.0,5,0,3,0
Culture Amp,2020-05-21,1,1.0,0.0,0.0,-0.8909960985183716,1,0,0,0
Culture Amp,2023-04-11,1,1.0,0.0,0.0,-0.7588585019111633,1,1,0,0
Culture Trip,2020-04-24,1,0.0,0.0,1.0,0.0,3,0,3,0
Curve,2022-05-25,1,0.0,1.0,0.0,0.6192147731781006,0,0,0,0
Cuyana,2020-03-23,1,0.0,0.0,1.0,0.0,0,0,0,0
Cvent,2020-05-14,1,0.0,0.0,1.0,0.0,0,0,0,0
CyCognito,2022-12-01,1,1.0,0.0,0.0,-0.9353703260421753,6,0,0,0
Cybereason,2022-05-25,1,0.0,0.0,1.0,0.0,1,0,0,0
Cybereason,2022-10-19,1,1.0,0.0,0.0,-0.8425813317298889,6,0,0,0
Cypress.io,2023-01-11,1,0.0,0.0,1.0,0.0,0,2,0,0
D2L,2022-11-09,1,0.0,0.0,1.0,0.0,0,0,0,0
D2iQ,2020-03-27,1,1.0,0.0,0.0,-0.8875015377998352,5,0,3,0
DICE,2023-07-26,1,0.0,0.0,1.0,0.0,8,3,0,0
DJI,2021-02-17,1,1.0,0.0,0.0,-0.8928967714309692,17,1,0,0
DSCO,2020-03-27,1,0.0,0.0,1.0,0.0,2,0,0,0
DUX Education,2023-02-21,1,0.0,0.0,1.0,0.0,3,0,0,0
Daily Harvest,2022-08-01,1,1.0,0.0,0.0,-0.9341334700584412,7,0,0,0
Daloopa,2022-05-20,1,0.0,0.0,1.0,0.0,5,0,0,0
Dance,2022-11-09,1,0.0,0.0,1.0,0.0,3,0,0,0
Daniel Wellington,2022-06-02,1,0.0,0.0,1.0,0.0,0,0,0,0
Dapper Labs,2022-10-26,1,1.0,0.0,0.0,-0.957111120223999,12,1,0,0
Dapper Labs,2023-07-05,1,0.0,0.0,1.0,0.0,0,0,0,0
Dark,2020-06-16,1,0.0,0.0,1.0,0.0,23,0,0,0
DataRails,2022-11-28,1,1.0,0.0,0.0,-0.6896788477897644,5,0,0,0
DataRobot,2022-08-01,1,1.0,0.0,0.0,-0.9279225468635559,1,0,0,0
DataStax,2020-04-07,1,1.0,0.0,0.0,-0.7174176573753357,16,0,0,0
Datagen,2023-08-15,1,1.0,0.0,0.0,-0.7343255877494812,5,0,0,0
Datera,2020-05-11,1,1.0,0.0,0.0,-0.8631265759468079,2,0,0,0
Datree,2023-07-20,1,0.0,0.0,1.0,0.0,0,0,0,0
DayTwo,2022-09-08,1,0.0,0.0,1.0,0.0,2,0,0,0
DayTwo,2023-06-29,1,1.0,0.0,0.0,-0.9523603320121765,4,2,0,0
Daylight,2023-05-15,1,0.0,0.0,1.0,0.0,2,0,0,0
Dazn,2022-05-19,1,0.0,0.0,1.0,0.0,1,0,0,0
DeHaat,2022-07-25,1,0.0,0.0,1.0,0.0,7,0,0,0
DeHaat,2023-01-08,1,1.0,0.0,0.0,-0.7959064245223999,16,0,0,0
DealShare,2023-01-20,1,0.0,0.0,1.0,0.0,4,0,0,0
Dealtale,2023-08-02,1,1.0,0.0,0.0,-0.6406638622283936,7,0,0,0
Decent,2023-01-20,1,0.0,0.0,1.0,0.0,0,0,0,0
Deep Instict,2023-07-18,1,1.0,0.0,0.0,-0.6134147644042969,4,0,0,0
Deep Instinct,2022-05-30,1,0.0,0.0,1.0,0.0,15,0,0,0
DeepVerge,2023-07-05,1,1.0,0.0,0.0,-0.9521961212158203,0,0,0,0
Deepwatch,2023-07-06,1,0.0,0.0,1.0,0.0,0,0,0,0
Definitive Healthcare,2023-01-05,1,0.0,0.0,1.0,0.0,0,0,0,0
Degreed,2022-06-22,1,0.0,0.0,1.0,0.0,0,0,0,0
Degreed,2023-07-20,1,0.0,0.0,1.0,0.0,1,0,0,0
Deliv,2020-05-06,1,0.0,0.0,1.0,0.0,5,0,0,0
Deliveroo,2020-04-21,1,0.0,0.0,1.0,0.0,24,0,0,0
Deliveroo Australia,2022-11-08,1,1.0,0.0,0.0,-0.6756880879402161,0,0,0,0
Delivery Hero,2021-12-15,1,0.0,0.0,1.0,0.0,0,0,0,0
Dell,2023-07-31,1,1.0,0.0,0.0,-0.9169665575027466,9,0,0,0
Deputy,2020-04-27,1,0.0,0.0,1.0,0.0,1,0,0,0
Descartes Labs,2020-05-26,1,0.0,0.0,1.0,0.0,2,0,0,0
Detectify,2022-11-30,1,0.0,0.0,1.0,0.0,0,0,0,0
Detectify,2023-08-11,1,0.0,0.0,1.0,0.0,0,0,0,0
Digital Currency Gruop,2022-10-26,1,1.0,0.0,0.0,-0.9583297371864319,1,1,0,0
Digital Surge,2022-12-02,1,1.0,0.0,0.0,-0.6955782175064087,0,0,0,0
DigitalOcean,2023-02-08,1,1.0,0.0,0.0,-0.9577759504318237,6,2,0,0
Divergent 3D,2020-04-17,1,1.0,0.0,0.0,-0.950228750705719,4,0,0,0
Divvy Homes,2020-03-18,1,0.0,0.0,1.0,0.0,12,0,0,0
Dock,2022-10-31,1,0.0,0.0,1.0,0.0,1,0,0,0
Docly,2020-08-12,1,1.0,0.0,0.0,-0.8991021513938904,1,0,0,0
DocuSign,2022-09-21,1,1.0,0.0,0.0,-0.7683444619178772,3,1,0,0
DocuSign,2023-02-09,1,1.0,0.0,0.0,-0.9080874919891357,6,2,1,0
Doma,2022-05-03,1,1.0,0.0,0.0,-0.9690311551094055,1,0,0,0
Domestika,2022-04-21,1,0.0,0.0,1.0,0.0,0,0,0,0
Domestika,2023-03-24,1,0.0,0.0,1.0,0.0,0,0,0,0
Domio,2020-11-11,1,1.0,0.0,0.0,-0.9532329440116882,1,0,0,0
Domo,2020-04-02,1,1.0,0.0,0.0,-0.9275026917457581,5,0,0,0
Dooly,2022-08-02,1,0.0,0.0,1.0,0.0,1,0,0,0
Dotscience,2020-05-12,1,1.0,0.0,0.0,-0.519548237323761,19,0,0,0
Doubtnut,2022-10-24,1,0.0,0.0,1.0,0.0,3,0,1,0
Doximity,2023-08-01,1,1.0,0.0,0.0,-0.9676560163497925,3,1,0,0
DraftKings,2023-01-25,1,1.0,0.0,0.0,-0.7106054425239563,0,3,0,0
Drip Capital,2023-04-07,1,0.0,0.0,1.0,0.0,14,3,1,0
DriveWealth,2023-01-19,1,0.0,0.0,1.0,0.0,12,0,0,0
Drizly,2023-03-22,1,0.0,0.0,1.0,0.0,8,1,0,0
DroneUp,2023-05-09,1,1.0,0.0,0.0,-0.8080267906188965,9,0,0,0
Dropbox,2021-01-06,1,1.0,0.0,0.0,-0.93886399269104,1,0,0,0
Dropbox,2023-04-20,1,1.0,0.0,0.0,-0.38234764337539673,0,0,0,0
Dropp,2023-02-07,1,0.0,0.0,1.0,0.0,0,0,0,0
Dude Solutions,2020-04-08,1,0.0,0.0,1.0,0.0,0,0,0,0
Dukaan,2022-10-24,1,0.0,0.0,1.0,0.0,3,0,0,0
Dukaan,2023-03-08,1,0.0,0.0,1.0,0.0,11,0,0,0
Dukaan,2023-07-04,1,1.0,0.0,0.0,-0.916764497756958,4,0,0,0
Dunzo,2023-01-09,1,0.0,0.0,1.0,0.0,2,0,0,0
Dunzo,2023-03-29,1,0.0,0.0,1.0,0.0,2,0,0,0
Dunzo,2023-07-13,1,1.0,0.0,0.0,-0.9636924266815186,11,0,0,0
E Inc.,2022-12-09,1,1.0,0.0,0.0,-0.9724383354187012,28,0,0,0
EMX Digital,2023-02-06,1,1.0,0.0,0.0,-0.67308509349823,9,0,0,0
EQRx,2023-02-17,1,1.0,0.0,0.0,-0.9359187483787537,3,2,0,0
Earnix,2023-04-27,1,0.0,0.0,1.0,0.0,3,0,0,0
Earth Rides,2023-01-12,1,1.0,0.0,0.0,-0.5820910930633545,0,0,0,0
Easee,2023-08-07,1,0.0,0.0,1.0,0.0,0,0,0,0
Eatsy,2020-08-01,1,0.0,0.0,1.0,0.0,0,0,0,0
Eaze,2022-05-25,1,1.0,0.0,0.0,-0.8530077338218689,12,0,0,0
Ebanx,2020-05-20,1,0.0,0.0,1.0,0.0,0,0,0,0
Ecobee,2020-03-19,1,1.0,0.0,0.0,-0.5714437961578369,22,0,0,0
Eden / Managed By Q,2020-04-01,1,1.0,0.0,0.0,-0.5737503170967102,21,0,0,0
Editas Medicine,2023-01-02,1,0.0,0.0,1.0,0.0,0,0,0,0
Edmodo,2022-08-09,1,1.0,0.0,0.0,-0.720675528049469,0,0,0,0
Elastic,2022-11-23,1,0.0,0.0,1.0,0.0,0,0,0,0
Electronic Arts,2023-02-21,1,1.0,0.0,0.0,-0.785010814666748,5,0,0,0
Element,2022-12-18,1,0.0,0.0,1.0,0.0,3,0,0,0
Element AI,2020-04-27,1,0.0,1.0,0.0,0.7502261996269226,0,1,0,0
Elementor,2022-06-08,1,1.0,0.0,0.0,-0.7216872572898865,1,1,0,0
Elemy,2022-07-11,1,1.0,0.0,0.0,-0.9673676490783691,10,2,0,0
Elemy,2022-11-28,1,1.0,0.0,0.0,-0.46758267283439636,6,0,0,0
Elinvar,2022-10-14,1,0.0,0.0,1.0,0.0,0,0,0,0
Embark Trucks,2023-02-24,1,1.0,0.0,0.0,-0.9573281407356262,5,0,0,0
Embark Vet,2023-01-04,1,0.0,0.0,1.0,0.0,0,0,0,0
Embrace,2023-08-11,1,0.0,0.0,1.0,0.0,0,0,0,0
Emitwise,2022-10-04,1,0.0,0.0,1.0,0.0,6,0,0,0
Emotive,2022-06-30,1,1.0,0.0,0.0,-0.9530424475669861,8,0,0,0
Endowus,2023-03-23,1,0.0,0.0,1.0,0.0,0,0,0,0
Engine eCommerce,2020-06-21,1,0.0,0.0,1.0,0.0,0,0,0,0
Enjoei,2023-01-13,1,0.0,0.0,1.0,0.0,1,0,0,0
Enjoy,2022-06-23,1,0.0,0.0,1.0,0.0,2,0,0,0
Envato,2022-05-26,1,0.0,0.0,1.0,0.0,1,2,0,0
Equitybee,2022-10-24,1,0.0,0.0,1.0,0.0,3,0,0,0
Equitybee,2023-02-01,1,1.0,0.0,0.0,-0.6857948899269104,6,0,0,0
Ermetic,2023-01-16,1,0.0,0.0,1.0,0.0,5,0,0,0
Eroad,2023-07-21,1,0.0,0.0,1.0,0.0,0,0,0,0
Eruditus,2022-05-28,1,0.0,0.0,1.0,0.0,13,0,1,0
Esme Learning,2022-05-26,1,0.0,0.0,1.0,0.0,0,0,0,0
Etermax,2022-11-23,1,0.0,0.0,1.0,0.0,0,0,0,0
Ethos Life,2020-05-29,1,1.0,0.0,0.0,-0.8266559839248657,4,0,0,0
Ethos Life,2022-06-17,1,0.0,0.0,1.0,0.0,2,0,0,0
Ethos Life,2023-02-14,1,0.0,0.0,1.0,0.0,4,0,0,0
Euler Motors,2023-04-04,1,0.0,0.0,1.0,0.0,4,4,1,0
Eventbrite,2020-04-01,1,1.0,0.0,0.0,-0.7993128895759583,24,0,0,0
Eventus,2023-04-28,1,1.0,0.0,0.0,-0.9533204436302185,0,0,0,0
Everlane,2020-03-20,1,1.0,0.0,0.0,-0.9451512694358826,14,0,0,0
Everlaw,2023-05-05,1,0.0,0.0,1.0,0.0,1,0,0,0
Everledger,2023-05-01,1,0.0,0.0,1.0,0.0,0,0,0,0
Evernote,2023-02-10,1,1.0,0.0,0.0,-0.9089362621307373,7,0,0,0
Evernote,2023-06-30,1,1.0,0.0,0.0,-0.7782577276229858,6,0,0,0
Everquote,2023-07-04,1,1.0,0.0,0.0,-0.7548448443412781,1,0,0,0
Evolve,2023-05-22,1,1.0,0.0,0.0,-0.8406531810760498,1,0,0,0
Examedi,2023-04-04,1,0.0,0.0,1.0,0.0,6,1,0,0
Exodus,2022-10-28,1,0.0,0.0,1.0,0.0,0,0,0,0
Exotel,2023-01-10,1,0.0,0.0,1.0,0.0,12,5,1,0
Expel,2023-06-02,1,0.0,0.0,1.0,0.0,0,0,0,0
Expert360,2022-08-04,1,0.0,0.0,1.0,0.0,2,0,0,0
Extramarks,2023-04-19,1,0.0,0.0,1.0,0.0,6,3,0,0
Eyowo,2023-06-20,1,1.0,0.0,0.0,-0.7321818470954895,0,0,0,0
Ezoic,2022-12-24,1,0.0,0.0,1.0,0.0,1,0,0,0
Ezoic,2023-02-21,1,0.0,0.0,1.0,0.0,1,0,0,0
FabHotels,2020-03-23,1,1.0,0.0,0.0,-0.9553262591362,5,0,0,0
Fable,2023-07-24,1,1.0,0.0,0.0,-0.964140772819519,11,1,1,0
Fabric,2022-07-06,1,1.0,0.0,0.0,-0.7551816701889038,7,0,0,0
Factorial,2023-07-06,1,0.0,0.0,1.0,0.0,0,0,0,0
FamPay,2023-04-10,1,1.0,0.0,0.0,-0.932316780090332,1,1,1,0
FamPay,2023-07-26,1,0.0,0.0,1.0,0.0,4,0,0,0
FanClash,2023-03-23,1,0.0,0.0,1.0,0.0,11,1,0,0
Fandom,2023-01-12,1,1.0,0.0,0.0,-0.9094812870025635,9,0,0,0
FarEye,2022-06-03,1,0.0,0.0,1.0,0.0,19,2,0,0
FarEye,2023-01-27,1,0.0,0.0,1.0,0.0,14,0,1,0
Fate Therapeutics,2023-01-02,1,0.0,0.0,1.0,0.0,2,1,0,0
Favo,2022-05-26,1,0.0,0.0,1.0,0.0,0,0,0,0
Finastra,2023-01-18,1,1.0,0.0,0.0,-0.7002536654472351,5,0,0,0
Finastra,2023-07-27,1,1.0,0.0,0.0,-0.827346920967102,9,0,1,0
Finder,2023-03-28,1,1.0,0.0,0.0,-0.9384134411811829,3,1,0,0
Finleap Connect,2022-06-23,1,0.0,0.0,1.0,0.0,0,0,0,0
Fipola,2023-02-13,1,1.0,0.0,0.0,-0.9099979996681213,0,0,0,0
FireHydrant,2022-12-01,1,0.0,0.0,1.0,0.0,0,2,0,0
Fireblocks,2023-02-13,1,1.0,0.0,0.0,-0.7545090317726135,4,1,0,0
Firebolt,2022-08-31,1,1.0,0.0,0.0,-0.910353422164917,2,0,0,0
FiscalNote,2020-03-26,1,1.0,0.0,0.0,-0.833981990814209,5,0,0,0
Fishbrain,2023-01-10,1,0.0,0.0,1.0,0.0,0,0,0,0
Fittr,2023-02-23,1,0.0,0.0,1.0,0.0,8,0,0,0
Fiverr,2022-07-19,1,1.0,0.0,0.0,-0.9662399291992188,1,0,0,0
Flash Coffee,2022-11-15,1,0.0,0.0,1.0,0.0,2,0,0,0
Flatiron School,2020-04-29,1,0.0,0.0,1.0,0.0,21,0,0,0
Flexport,2023-01-04,1,1.0,0.0,0.0,-0.8325539827346802,3,0,0,0
Flink,2023-04-17,1,0.0,0.0,1.0,0.0,0,0,0,0
Flink,2023-05-17,1,0.0,0.0,1.0,0.0,0,0,0,0
Flipkart,2023-02-23,1,1.0,0.0,0.0,-0.8892308473587036,4,0,1,0
Flock Freight,2023-04-03,1,1.0,0.0,0.0,-0.7061223387718201,7,0,0,0
Flockjay,2021-08-17,1,1.0,0.0,0.0,-0.8969534039497375,6,1,0,0
Flowhub,2022-09-02,1,1.0,0.0,0.0,-0.6876422762870789,10,0,0,0
Flyhomes,2023-05-29,1,0.0,0.0,1.0,0.0,5,0,0,0
Flymya,2020-03-25,1,0.0,0.0,1.0,0.0,0,0,0,0
Flynote,2020-04-24,1,1.0,0.0,0.0,-0.6487836837768555,8,0,0,0
Flytedesk,2020-03-11,1,0.0,0.0,1.0,0.0,0,0,0,0
Flywheel Sports,2020-03-13,1,1.0,0.0,0.0,-0.5178958773612976,4,0,0,0
Food52,2022-04-01,1,0.0,0.0,1.0,0.0,2,0,0,0
Food52,2022-05-27,1,1.0,0.0,0.0,-0.9386169910430908,4,1,0,0
Foodpanda,2022-05-19,1,1.0,0.0,0.0,-0.8742408752441406,0,0,0,0
Foodpanda,2022-08-31,1,1.0,0.0,0.0,-0.9625794887542725,3,0,1,0
Foodpanda,2023-02-06,1,0.0,0.0,1.0,0.0,0,0,0,0
ForeScout,2023-01-03,1,1.0,0.0,0.0,-0.6863513588905334,5,0,0,0
Foresight Insurance,2022-09-29,1,0.0,0.0,1.0,0.0,0,0,0,0
Formstack,2023-05-10,1,0.0,0.0,1.0,0.0,0,1,0,0
Fortinet,2023-08-18,1,1.0,0.0,0.0,-0.966274082660675,3,0,0,0
Forto,2022-11-04,1,0.0,0.0,1.0,0.0,0,0,0,0
Forward,2020-04-13,1,1.0,0.0,0.0,-0.7978212833404541,7,0,0,0
Forward,2022-07-04,1,1.0,0.0,0.0,-0.9261433482170105,7,0,0,0
FourKites,2022-08-04,1,0.0,0.0,1.0,0.0,5,0,0,0
Fraazo,2022-07-05,1,0.0,0.0,1.0,0.0,11,0,2,0
Fractal Software,2023-05-25,1,0.0,0.0,1.0,0.0,12,0,0,0
Freetrade,2022-06-03,1,0.0,1.0,0.0,0.6192147731781006,0,0,0,0
Freightos,2023-07-05,1,1.0,0.0,0.0,-0.8262971043586731,8,0,0,0
FreshBooks,2022-12-09,1,1.0,0.0,0.0,-0.9724383354187012,28,0,0,0
FreshBooks,2023-03-14,1,1.0,0.0,0.0,-0.922001838684082,13,0,0,0
Freshbooks,2020-04-14,1,1.0,0.0,0.0,-0.8908527493476868,7,0,0,0
Freshly,2022-12-05,1,0.0,0.0,1.0,0.0,1,0,0,0
Freshworks,2022-12-08,1,0.0,0.0,1.0,0.0,7,1,1,0
Freshworks,2023-03-09,1,0.0,0.0,1.0,0.0,12,0,0,0
Freshworks,2023-06-01,1,1.0,0.0,0.0,-0.9347167611122131,7,0,1,0
FrontRow,2022-05-20,1,0.0,0.0,1.0,0.0,9,0,3,0
FrontRow,2022-10-05,1,1.0,0.0,0.0,-0.9243462085723877,4,0,0,0
FrontRow,2023-06-08,1,0.0,0.0,1.0,0.0,2,0,1,0
Frontdesk,2020-04-03,1,0.0,0.0,1.0,0.0,0,0,0,0
Frubana,2022-06-14,1,1.0,0.0,0.0,-0.6906265020370483,9,1,1,0
FuboTV,2022-07-26,1,1.0,0.0,0.0,-0.5430378317832947,8,1,0,0
Fundbox,2022-10-18,1,0.0,0.0,1.0,0.0,4,1,0,0
Funding Circle,2020-07-01,1,0.0,1.0,0.0,0.6192147731781006,0,0,0,0
Funding Societies,2020-04-09,1,0.0,0.0,1.0,0.0,0,0,0,0
Fungible,2022-08-22,1,1.0,0.0,0.0,-0.9176241755485535,3,0,0,0
Furlenco,2022-03-19,1,0.0,0.0,1.0,0.0,9,0,2,0
FutureLearn,2022-11-21,1,0.0,0.0,1.0,0.0,3,0,0,0
Fuzzy,2023-06-11,1,0.0,0.0,1.0,0.0,1,0,0,0
G/O Media Group,2020-03-27,1,1.0,0.0,0.0,-0.9620110988616943,7,0,1,0
GSR,2022-10-04,1,1.0,0.0,0.0,-0.8738657832145691,3,0,0,0
Gavelytics,2022-06-23,1,0.0,0.0,1.0,0.0,0,0,0,0
Gem,2023-07-26,1,0.0,0.0,1.0,0.0,1,0,0,0
Gemini,2022-07-11,1,1.0,0.0,0.0,-0.9722508788108826,9,0,1,0
Genesis,2022-12-29,1,1.0,0.0,0.0,-0.6867915391921997,2,0,0,0
GetNinjas,2020-04-01,1,0.0,0.0,1.0,0.0,0,0,0,0
Getaround,2023-01-26,1,1.0,0.0,0.0,-0.9485388398170471,6,3,0,0
Getir,2022-05-18,1,1.0,0.0,0.0,-0.9422109723091125,3,0,0,0
Getir,2023-01-26,1,0.0,0.0,1.0,0.0,9,0,0,0
Getir,2023-02-06,1,1.0,0.0,0.0,-0.9430067539215088,2,0,0,0
Getta,2022-05-24,1,0.0,0.0,1.0,0.0,0,0,0,0
GitHub,2023-02-02,1,1.0,0.0,0.0,-0.9573324918746948,1,0,0,0
GitLab,2023-02-02,1,1.0,0.0,0.0,-0.9043959379196167,2,0,0,0
Glamyo Health,2023-05-25,1,0.0,0.0,1.0,0.0,8,0,1,0
Glassbox,2023-04-27,1,0.0,1.0,0.0,0.5421409010887146,3,0,0,0
Glassdoor,2020-04-30,1,1.0,0.0,0.0,-0.9350318908691406,2,0,0,0
Glints,2022-12-01,1,0.0,0.0,1.0,0.0,0,0,0,0
Glisser,2023-01-19,1,0.0,0.0,1.0,0.0,0,0,0,0
Glitch,2020-05-14,1,0.0,0.0,1.0,0.0,8,0,4,0
Gloat,2023-04-13,1,0.0,0.0,1.0,0.0,3,0,0,0
Glossier,2022-01-19,1,1.0,0.0,0.0,-0.9428287148475647,7,0,0,0
Glossier,2022-07-26,1,1.0,0.0,0.0,-0.7355089783668518,3,4,0,0
Glovo,2023-01-23,1,1.0,0.0,0.0,-0.9452343583106995,1,0,1,0
Glovo,2023-03-16,1,0.0,0.0,1.0,0.0,0,0,0,0
GoBear,2020-08-25,1,0.0,0.0,1.0,0.0,21,0,0,0
GoBolt,2023-01-03,1,1.0,0.0,0.0,-0.92574542760849,9,1,0,0
GoCanvas,2023-01-06,1,0.0,0.0,1.0,0.0,0,0,0,0
GoCardless,2023-06-05,1,1.0,0.0,0.0,-0.9678542017936707,0,0,0,0
GoDaddy,2020-06-17,1,1.0,0.0,0.0,-0.9586790204048157,9,3,0,0
GoDaddy,2023-02-01,1,1.0,0.0,0.0,-0.5214180946350098,8,0,0,0
GoFundMe,2022-10-19,1,0.0,0.0,1.0,0.0,0,3,0,0
GoMechanic,2023-01-10,1,0.0,0.0,1.0,0.0,7,0,0,0
GoNuts,2022-10-20,1,0.0,0.0,1.0,0.0,1,0,0,0
GoPro,2020-04-08,1,1.0,0.0,0.0,-0.9106318950653076,5,0,0,0
GoSpotCheck,2020-03-19,1,0.0,0.0,1.0,0.0,1,0,0,0
GoStudent,2022-12-07,1,0.0,0.0,1.0,0.0,13,0,1,0
Gojek,2020-06-16,1,1.0,0.0,0.0,-0.6086132526397705,24,0,0,0
Gokada,2022-11-07,1,1.0,0.0,0.0,-0.9381219744682312,19,0,0,0
Gokada,2023-01-24,1,1.0,0.0,0.0,-0.9381219744682312,19,0,0,0
Gong,2023-02-01,1,1.0,0.0,0.0,-0.9451749324798584,6,0,0,0
GoodGood,2022-11-16,1,1.0,0.0,0.0,-0.9604753255844116,4,0,0,0
GoodWorker,2023-03-23,1,0.0,0.0,1.0,0.0,1,0,0,0
Goodfood,2022-03-31,1,1.0,0.0,0.0,-0.9676100015640259,5,0,0,0
Gopuff,2022-01-19,1,1.0,0.0,0.0,-0.8621123433113098,0,1,0,0
Gorillas,2022-05-17,1,0.0,0.0,1.0,0.0,0,0,0,0
Gorillas,2022-06-26,1,0.0,0.0,1.0,0.0,0,0,0,0
Grab,2020-06-09,1,0.0,0.0,1.0,0.0,26,0,0,0
Grailed,2020-04-09,1,1.0,0.0,0.0,-0.5472877025604248,23,0,0,0
Gramophone,2023-01-09,1,1.0,0.0,0.0,-0.7959064245223999,16,0,0,0
Graphcore,2022-09-20,1,1.0,0.0,0.0,-0.8868553638458252,0,0,0,0
Green Labs,2023-02-14,1,1.0,0.0,0.0,-0.8800931572914124,6,2,0,0
Greenhouse,2020-04-10,1,1.0,0.0,0.0,-0.653367817401886,22,0,0,0
Greenhouse,2023-04-20,1,0.0,0.0,1.0,0.0,0,0,1,0
Greenlight,2023-01-05,1,1.0,0.0,0.0,-0.9283081889152527,7,0,0,0
Grin,2023-03-14,1,1.0,0.0,0.0,-0.9119910001754761,9,0,0,0
Groupon,2020-04-06,1,1.0,0.0,0.0,-0.856423556804657,21,0,0,0
Groupon,2022-08-01,1,1.0,0.0,0.0,-0.9300660490989685,8,1,0,0
Grove Collaborative,2022-03-12,1,0.0,0.0,1.0,0.0,4,3,0,0
Grover,2022-11-30,1,0.0,0.0,1.0,0.0,0,0,0,0
Grubhub,2023-06-05,1,1.0,0.0,0.0,-0.4831603169441223,3,0,0,0
Guideline,2023-03-27,1,1.0,0.0,0.0,-0.8792456984519958,12,0,0,0
GumGum,2020-04-13,1,1.0,0.0,0.0,-0.8723710179328918,4,0,0,0
HOOQ,2020-03-20,1,1.0,0.0,0.0,-0.8438148498535156,2,0,0,0
HP,2023-02-12,1,0.0,0.0,1.0,0.0,0,0,0,0
HackerEarth,2023-02-07,1,0.0,0.0,1.0,0.0,6,1,1,0
HackerRank,2023-08-20,1,1.0,0.0,0.0,-0.9336440563201904,4,0,0,0
Happay,2023-05-05,1,0.0,0.0,1.0,0.0,0,5,0,0
Harappa,2022-12-27,1,1.0,0.0,0.0,-0.8724669814109802,7,0,0,0
Hash,2022-07-25,1,0.0,0.0,1.0,0.0,0,0,0,0
HashiCorp,2023-01-04,1,1.0,0.0,0.0,-0.7695713639259338,9,3,0,0
HashiCorp,2023-05-31,1,0.0,0.0,1.0,0.0,0,0,0,0
Haus,2022-08-02,1,0.0,0.0,1.0,0.0,2,0,0,0
Haven Technologies,2023-05-25,1,0.0,0.0,1.0,0.0,2,1,0,0
Havenly,2020-06-24,1,0.0,0.0,1.0,0.0,1,0,0,0
Headspace,2023-06-22,1,0.0,0.0,1.0,0.0,8,0,0,0
Health IQ,2022-12-12,1,1.0,0.0,0.0,-0.9203576445579529,2,0,0,0
HealthMatch,2022-06-21,1,1.0,0.0,0.0,-0.8934363722801208,3,0,0,0
HealthifyMe,2022-11-26,1,0.0,0.0,1.0,0.0,7,0,0,0
Healthy.io,2023-04-26,1,0.0,0.0,1.0,0.0,5,0,0,0
HelloFresh,2022-10-03,1,0.0,0.0,1.0,0.0,2,0,0,0
Help Scout,2022-10-25,1,0.0,0.0,1.0,0.0,0,0,0,0
Heroes,2022-07-08,1,0.0,0.0,1.0,0.0,9,1,0,0
Heycar,2023-01-20,1,0.0,0.0,1.0,0.0,0,0,0,0
Heygo,2023-04-06,1,0.0,0.0,1.0,0.0,0,0,0,0
Hibob,2020-03-23,1,0.0,0.0,1.0,0.0,2,0,0,0
HighRadius,2022-11-02,1,1.0,0.0,0.0,-0.9452592730522156,1,0,0,0
Highsnobiety,2020-03-25,1,1.0,0.0,0.0,-0.9115633368492126,1,0,0,0
Highsnobiety,2023-06-26,1,0.0,0.0,1.0,0.0,2,0,1,0
Highspot,2023-06-01,1,1.0,0.0,0.0,-0.6852761507034302,5,0,0,0
Hike,2023-08-03,1,0.0,0.0,1.0,0.0,5,0,0,0
Hipcamp,2020-04-13,1,1.0,0.0,0.0,-0.9613956809043884,10,0,0,0
Hippo Insurance,2022-08-24,1,0.0,0.0,1.0,0.0,0,0,0,0
Hirect,2022-11-21,1,1.0,0.0,0.0,-0.9454972743988037,3,1,0,0
Hodlnaut,2022-08-12,1,1.0,0.0,0.0,-0.8264679312705994,3,0,1,0
HomeLane,2023-02-27,1,0.0,0.0,1.0,0.0,6,0,1,0
HomeLight,2022-06-22,1,0.0,0.0,1.0,0.0,2,0,0,0
Homebot,2022-12-12,1,0.0,0.0,1.0,0.0,0,0,0,0
Homeward,2022-08-03,1,1.0,0.0,0.0,-0.956061065196991,3,0,0,0
Homeward,2022-11-09,1,0.0,0.0,1.0,0.0,0,0,0,0
Homie,2022-02-07,1,1.0,0.0,0.0,-0.9649854898452759,4,0,0,0
Homie,2022-09-27,1,1.0,0.0,0.0,-0.7757195830345154,5,0,0,0
Honor,2023-06-20,1,1.0,0.0,0.0,-0.7879783511161804,5,2,0,0
Hootsuite,2022-08-02,1,1.0,0.0,0.0,-0.9343619346618652,9,5,0,0
Hootsuite,2023-01-11,1,1.0,0.0,0.0,-0.9200936555862427,7,0,1,0
HopSkipDrive,2020-03-06,1,1.0,0.0,0.0,-0.663078248500824,22,0,0,0
HopSkipDrive,2020-08-05,1,1.0,0.0,0.0,-0.7788469791412354,9,0,0,0
Hopin,2022-02-03,1,1.0,0.0,0.0,-0.9494209885597229,7,2,0,0
Hopin,2022-07-04,1,1.0,0.0,0.0,-0.8927465081214905,3,1,0,0
Hopin,2022-11-09,1,0.0,1.0,0.0,0.5648830533027649,5,0,0,0
Horizn Studios,2020-04-17,1,0.0,0.0,1.0,0.0,0,0,0,0
Hotmart,2022-10-13,1,1.0,0.0,0.0,-0.9260694980621338,0,1,1,0
Houzz,2020-04-14,1,1.0,0.0,0.0,-0.9535030722618103,6,1,1,0
Houzz,2022-11-30,1,1.0,0.0,0.0,-0.9086281061172485,3,0,0,0
Hoxhunt,2023-01-22,1,0.0,0.0,1.0,0.0,0,0,0,0
Huawei,2022-10-09,1,0.0,0.0,1.0,0.0,0,0,0,0
Hubba,2021-01-25,1,0.0,0.0,1.0,0.0,4,0,0,0
Hubilo,2022-07-05,1,0.0,0.0,1.0,0.0,10,0,0,0
Hubilo,2023-01-12,1,0.0,0.0,1.0,0.0,12,3,0,0
HuffPo,2021-03-02,1,0.0,0.0,1.0,0.0,4,2,0,0
HumanForest,2020-09-18,1,1.0,0.0,0.0,-0.9426337480545044,4,0,0,0
Humble,2022-04-08,1,0.0,0.0,1.0,0.0,6,4,0,0
Hunty,2022-06-07,1,0.0,0.0,1.0,0.0,14,0,1,0
Huobi,2022-06-21,1,1.0,0.0,0.0,-0.9672138690948486,6,0,1,0
Hydrow,2022-07-11,1,1.0,0.0,0.0,-0.9475207924842834,5,0,0,0
Hydrow,2023-01-12,1,1.0,0.0,0.0,-0.7360356450080872,9,0,0,0
Hypefast,2023-08-15,1,0.0,0.0,1.0,0.0,0,0,0,0
IAM Robotics,2023-01-12,1,0.0,0.0,1.0,0.0,0,0,0,0
IBM,2023-07-10,1,0.0,0.0,1.0,0.0,6,0,0,0
ID.me,2022-05-31,1,1.0,0.0,0.0,-0.5336228609085083,7,0,0,0
IRL,2022-05-26,1,1.0,0.0,0.0,-0.9404622316360474,10,0,0,0
Ibotta,2020-03-31,1,0.0,0.0,1.0,0.0,2,0,0,0
Iflix,2020-03-28,1,1.0,0.0,0.0,-0.8842728734016418,2,0,1,0
Igenous,2020-11-10,1,0.0,0.0,1.0,0.0,2,0,0,0
Ignite,2022-07-04,1,1.0,0.0,0.0,-0.9351953864097595,3,0,0,0
Ignition,2023-01-09,1,0.0,0.0,1.0,0.0,0,0,1,0
Illumina,2023-08-10,1,0.0,0.0,1.0,0.0,5,0,1,0
Immersive Labs,2022-08-23,1,1.0,0.0,0.0,-0.9508464336395264,5,0,0,0
Immutable,2022-07-19,1,0.0,0.0,1.0,0.0,10,1,0,0
Immutable,2023-02-15,1,1.0,0.0,0.0,-0.9718306660652161,0,0,0,0
Impact.com,2022-08-18,1,0.0,0.0,1.0,0.0,1,0,0,0
Impala,2022-05-25,1,1.0,0.0,0.0,-0.783510684967041,12,0,0,0
Imperfect Foods,2021-09-15,1,0.0,0.0,1.0,0.0,5,0,0,0
Impossible Foods,2022-09-29,1,0.0,0.0,1.0,0.0,5,0,0,0
InVision,2022-07-14,1,0.0,0.0,1.0,0.0,0,0,0,0
Included Health,2022-07-18,1,1.0,0.0,0.0,-0.7935700416564941,7,2,0,0
Incredible Health,2020-03-25,1,1.0,0.0,0.0,-0.9552152752876282,4,0,0,0
Increff,2023-07-25,1,0.0,0.0,1.0,0.0,13,0,5,0
Industrious,2020-03-26,1,0.0,0.0,1.0,0.0,7,0,0,0
Infarm,2022-09-07,1,0.0,0.0,1.0,0.0,0,0,0,0
InfoSum,2022-10-12,1,0.0,0.0,1.0,0.0,5,0,0,0
Inmobi,2023-01-16,1,0.0,0.0,1.0,0.0,2,2,0,0
Innovaccer,2022-08-25,1,0.0,0.0,1.0,0.0,15,0,0,0
Insider,2023-04-13,1,1.0,0.0,0.0,-0.9488347172737122,14,0,0,1
Inspirato,2020-03-09,1,0.0,0.0,1.0,0.0,0,0,0,0
Inspirato,2023-01-11,1,0.0,0.0,1.0,0.0,1,0,3,0
Inspirato,2023-07-12,1,1.0,0.0,0.0,-0.6629511713981628,2,0,0,0
Instamojo,2020-03-26,1,1.0,0.0,0.0,-0.611526608467102,7,0,0,0
Intapp,2020-05-11,1,1.0,0.0,0.0,-0.5040122270584106,1,0,1,0
Integrate,2022-12-31,1,0.0,0.0,1.0,0.0,0,0,0,0
Intel,2022-11-29,1,1.0,0.0,0.0,-0.9443132877349854,13,0,4,0
Intel,2023-01-23,1,1.0,0.0,0.0,-0.8915011882781982,7,0,1,0
Intel,2023-08-10,1,0.0,0.0,1.0,0.0,1,0,1,0
Intercom,2020-05-13,1,0.0,0.0,1.0,0.0,22,0,0,0
Intercom,2022-08-31,1,1.0,0.0,0.0,-0.9487605690956116,0,0,0,0
Intercom,2022-11-07,1,1.0,0.0,0.0,-0.9635167717933655,3,2,0,0
Intersect,2020-05-06,1,1.0,0.0,0.0,-0.5798237919807434,12,0,0,0
Introhive,2022-07-13,1,1.0,0.0,0.0,-0.4201519787311554,2,0,0,0
Intuit,2020-06-15,1,0.0,1.0,0.0,0.5040326714515686,2,0,0,0
Involves,2022-07-06,1,0.0,0.0,1.0,0.0,1,0,0,0
Iress,2023-04-13,1,0.0,0.0,1.0,0.0,2,2,0,0
Iris Nova,2020-03-23,1,1.0,0.0,0.0,-0.9411118626594543,3,0,0,0
Iron Ox,2022-10-26,1,1.0,0.0,0.0,-0.931685745716095,5,0,0,0
IronNet,2022-06-15,1,1.0,0.0,0.0,-0.9734983444213867,6,2,0,0
JD.ID,2022-12-07,1,0.0,0.0,1.0,0.0,9,0,1,0
JOIN,2023-08-16,1,0.0,0.0,1.0,0.0,2,0,0,0
JOKR,2022-06-09,1,1.0,0.0,0.0,-0.7277466654777527,4,0,0,0
Jasper,2023-07-04,1,0.0,0.0,1.0,0.0,0,0,0,0
Jellysmack,2022-06-02,1,1.0,0.0,0.0,-0.7272309064865112,5,1,0,0
Jellysmack,2023-05-18,1,1.0,0.0,0.0,-0.49669644236564636,4,2,0,0
Jetty,2020-03-27,1,1.0,0.0,0.0,-0.6474236249923706,24,0,0,0
Jimdo,2022-11-08,1,0.0,0.0,1.0,0.0,0,0,0,0
Joonko,2023-06-18,1,0.0,0.0,1.0,0.0,4,0,0,0
Jumia,2022-11-14,1,1.0,0.0,0.0,-0.95811927318573,5,1,1,0
Jumpcloud,2023-01-11,1,0.0,0.0,1.0,0.0,0,0,0,0
Juniper,2022-11-04,1,0.0,0.0,1.0,0.0,2,1,0,0
Juniper Square,2022-08-30,1,1.0,0.0,0.0,-0.9029419422149658,2,0,0,0
Just Eat,2023-03-14,1,0.0,0.0,1.0,0.0,2,0,1,0
Juul,2020-04-28,1,1.0,0.0,0.0,-0.8880331516265869,28,0,0,0
Juul,2022-11-03,1,1.0,0.0,0.0,-0.9238311052322388,0,1,0,0
Kabam,2022-11-02,1,1.0,0.0,0.0,-0.9467242360115051,6,0,0,0
Kabam,2023-05-18,1,1.0,0.0,0.0,-0.8941805362701416,7,5,2,0
Kaltura,2022-12-28,1,1.0,0.0,0.0,-0.5968295335769653,4,2,0,0
Kandela,2023-02-23,1,1.0,0.0,0.0,-0.8678125739097595,0,0,0,0
Kaodim,2022-05-26,1,0.0,0.0,1.0,0.0,0,0,0,0
Kape,2023-07-21,1,0.0,0.0,1.0,0.0,11,3,0,0
Kapten / Free Now,2020-05-14,1,0.0,0.0,1.0,0.0,25,0,0,0
Karakuki,2023-06-13,1,0.0,0.0,1.0,0.0,0,0,0,0
Karat,2023-06-21,1,0.0,0.0,1.0,0.0,7,1,1,0
Karbon,2022-09-05,1,0.0,0.0,1.0,0.0,0,0,0,0
Karma,2023-04-27,1,1.0,0.0,0.0,-0.710094690322876,6,0,0,0
Katerra,2020-03-26,1,1.0,0.0,0.0,-0.9568654894828796,8,0,0,0
Katerra,2021-05-25,1,1.0,0.0,0.0,-0.9655153751373291,1,0,0,0
Kavak,2022-06-01,1,0.0,0.0,1.0,0.0,0,0,0,0
Kayak / OpenTable,2020-04-22,1,0.0,0.0,1.0,0.0,8,0,0,0
KeepTruckin,2020-03-24,1,0.0,0.0,1.0,0.0,22,0,0,0
Kenko Health,2023-08-22,1,1.0,0.0,0.0,-0.7768937945365906,4,0,0,0
Kenoby,2020-04-01,1,0.0,0.0,1.0,0.0,0,0,0,0
Kiavi,2022-07-07,1,1.0,0.0,0.0,-0.9347474575042725,4,0,0,0
Kickstarter,2020-05-06,1,1.0,0.0,0.0,-0.6544162631034851,14,0,0,0
Kite,2022-11-09,1,0.0,0.0,1.0,0.0,0,0,0,0
Kitopi,2020-04-22,1,0.0,0.0,1.0,0.0,3,0,0,0
Kitty Hawk,2020-05-27,1,0.0,0.0,1.0,0.0,3,0,0,0
Kitty Hawk,2022-09-14,1,0.0,0.0,1.0,0.0,2,0,0,0
Klarna,2022-05-16,1,0.0,0.0,1.0,0.0,0,0,0,0
Klarna,2022-09-15,1,1.0,0.0,0.0,-0.9357627034187317,4,0,0,0
Kleos Space,2023-07-19,1,0.0,0.0,1.0,0.0,0,0,0,0
Klook,2020-04-13,1,1.0,0.0,0.0,-0.65566486120224,21,0,0,0
Knotel,2020-03-20,1,1.0,0.0,0.0,-0.5666620135307312,5,3,0,0
Knotel,2020-10-22,1,1.0,0.0,0.0,-0.7921597361564636,5,0,0,0
Kodiak Robotics,2020-04-08,1,1.0,0.0,0.0,-0.9143397212028503,2,0,0,0
Kogan,2022-08-16,1,1.0,0.0,0.0,-0.9753918647766113,1,0,0,0
Koho,2022-11-10,1,1.0,0.0,0.0,-0.9596182107925415,24,2,0,0
Koho,2023-02-01,1,1.0,0.0,0.0,-0.9594002366065979,15,4,0,1
KoinWorks,2022-10-28,1,0.0,0.0,1.0,0.0,0,0,0,0
Komodo Health,2020-04-13,1,1.0,0.0,0.0,-0.7978212833404541,7,0,0,0
Komodo Health,2022-12-06,1,1.0,0.0,0.0,-0.9558842778205872,9,2,0,0
Konfio,2022-09-16,1,0.0,0.0,1.0,0.0,0,0,0,0
Kontist,2022-05-18,1,0.0,0.0,1.0,0.0,0,0,0,0
Koo,2022-08-24,1,0.0,0.0,1.0,0.0,5,0,0,0
Koo,2023-04-13,1,1.0,0.0,0.0,-0.875262975692749,6,0,0,0
Kraken,2022-11-23,1,1.0,0.0,0.0,-0.7404100894927979,0,0,0,0
Kry,2022-05-10,1,0.0,0.0,1.0,0.0,0,0,0,0
Kry,2022-10-24,1,0.0,0.0,1.0,0.0,0,0,0,0
Kuda,2022-08-26,1,1.0,0.0,0.0,-0.9180545806884766,9,0,1,0
Kueski,2020-04-13,1,0.0,0.0,1.0,0.0,0,0,0,0
Kumu,2023-04-10,1,0.0,0.0,1.0,0.0,0,0,0,0
Kune,2022-06-16,1,0.0,0.0,1.0,0.0,0,0,0,0
Kyruus,2023-01-29,1,1.0,0.0,0.0,-0.9330194592475891,12,3,1,0
L1ght,2023-05-11,1,1.0,0.0,0.0,-0.601334273815155,6,0,0,0
LEAD,2022-07-28,1,0.0,0.0,1.0,0.0,3,0,1,0
LEAD,2023-01-03,1,0.0,0.0,1.0,0.0,11,0,1,0
Lambda School,2020-04-14,1,1.0,0.0,0.0,-0.9434714913368225,7,2,0,0
Lambda School,2021-04-22,1,1.0,0.0,0.0,-0.5524185299873352,4,5,0,0
Lamudi Indonesia,2023-07-10,1,0.0,0.0,1.0,0.0,0,0,0,0
Lantern,2022-12-30,1,0.0,0.0,1.0,0.0,0,0,0,0
Lastline,2020-05-28,1,0.0,0.0,1.0,0.0,2,0,0,0
Latch,2022-05-03,1,1.0,0.0,0.0,-0.9386403560638428,20,0,0,2
Lattice,2023-01-05,1,0.0,0.0,1.0,0.0,1,1,0,1
Lawgeex,2022-08-30,1,0.0,0.0,1.0,0.0,0,0,0,0
Laybuy,2023-03-14,1,0.0,0.0,1.0,0.0,2,3,0,0
Lazerpay,2022-11-22,1,1.0,0.0,0.0,-0.871732234954834,3,0,0,0
Lazerpay,2023-04-06,1,0.0,0.0,1.0,0.0,1,0,0,0
Le Tote,2020-03-25,1,0.0,0.0,1.0,0.0,0,0,0,0
Leafly,2022-10-11,1,1.0,0.0,0.0,-0.5150383114814758,2,1,4,0
League,2020-04-28,1,0.0,0.0,1.0,0.0,1,0,0,0
Legible,2022-03-28,1,1.0,0.0,0.0,-0.9509119987487793,15,3,4,0
Lemon,2022-11-17,1,0.0,0.0,1.0,0.0,0,0,0,0
Lemonade,2022-04-13,1,0.0,0.0,1.0,0.0,6,0,0,0
Lemonade,2023-05-09,1,1.0,0.0,0.0,-0.92044597864151,6,0,0,0
Lending Club,2020-04-14,1,1.0,0.0,0.0,-0.8025524616241455,0,0,0,0
LendingTree,2023-03-23,1,0.0,0.0,1.0,0.0,0,0,0,0
Lendingkart,2020-05-08,1,1.0,0.0,0.0,-0.9389352202415466,4,0,1,0
Lendis,2022-06-27,1,0.0,0.0,1.0,0.0,0,0,0,0
Lendis,2022-12-14,1,0.0,0.0,1.0,0.0,1,0,0,0
Lenovo,2022-12-01,1,0.0,0.0,1.0,0.0,0,0,0,0
LetsGetChecked,2022-06-25,1,1.0,0.0,0.0,-0.9450783729553223,0,0,0,0
Lev,2022-11-30,1,0.0,1.0,0.0,0.7494103312492371,5,0,0,0
Lev,2023-04-24,1,1.0,0.0,0.0,-0.9207113981246948,3,0,0,0
Lever,2020-04-01,1,1.0,0.0,0.0,-0.6890526413917542,25,0,0,0
Lido,2022-02-14,1,0.0,0.0,1.0,0.0,1,0,0,0
Lido Learning,2022-09-02,1,0.0,0.0,1.0,0.0,5,0,0,0
Lighthouse Labs,2020-04-02,1,1.0,0.0,0.0,-0.960567831993103,8,0,0,0
Lightico,2022-03-24,1,1.0,0.0,0.0,-0.8429213762283325,6,0,0,0
Lightico,2023-01-29,1,1.0,0.0,0.0,-0.8429213762283325,6,0,0,0
Lightricks,2022-06-27,1,1.0,0.0,0.0,-0.9444671273231506,1,0,0,0
Lightspeed Commerce,2023-01-10,1,0.0,0.0,1.0,0.0,0,4,1,0
Lime,2020-04-22,1,1.0,0.0,0.0,-0.7314339876174927,23,0,0,0
LingoAce,2023-08-04,1,0.0,0.0,1.0,0.0,0,0,0,0
LinkedIn,2020-07-14,1,1.0,0.0,0.0,-0.6549856066703796,20,0,0,0
Linkfire,2022-10-04,1,1.0,0.0,0.0,-0.8367568850517273,0,0,0,0
Linktree,2022-08-02,1,0.0,0.0,1.0,0.0,11,0,0,0
Linktree,2023-05-30,1,1.0,0.0,0.0,-0.8477786779403687,0,0,0,0
Liongard,2022-06-03,1,1.0,0.0,0.0,-0.8456028699874878,2,0,0,0
LivePerson,2020-10-25,1,1.0,0.0,0.0,-0.9260495901107788,2,0,0,0
Livspace,2023-03-10,1,0.0,0.0,1.0,0.0,9,0,2,0
Loft,2020-04-10,1,0.0,0.0,1.0,0.0,0,0,0,0
Loft,2022-11-30,1,0.0,0.0,1.0,0.0,5,1,0,0
Loftium,2020-05-22,1,0.0,0.0,1.0,0.0,3,0,1,0
Loftsmart,2020-03-23,1,0.0,0.0,1.0,0.0,0,0,0,0
Loggi,2023-01-30,1,0.0,0.0,1.0,0.0,0,0,0,0
Lokalise,2022-11-09,1,0.0,0.0,1.0,0.0,0,0,0,0
Lola,2020-03-12,1,1.0,0.0,0.0,-0.5812845230102539,20,0,0,0
Loom,2022-05-25,1,1.0,0.0,0.0,-0.8811302185058594,10,0,0,0
Loom,2022-10-13,1,0.0,0.0,1.0,0.0,9,2,0,0
Loop,2022-08-17,1,0.0,0.0,1.0,0.0,5,0,0,0
Loop,2023-03-23,1,1.0,0.0,0.0,-0.7473792433738708,5,0,0,0
LoopMe,2020-04-02,1,1.0,0.0,0.0,-0.7666091918945312,0,0,0,0
Loopio,2020-04-27,1,1.0,0.0,0.0,-0.6258373260498047,5,0,0,0
Loopio,2023-06-20,1,0.0,0.0,1.0,0.0,0,0,0,0
Lora DiCarlo,2022-11-25,1,0.0,0.0,1.0,0.0,2,0,0,0
Lordstown Motors,2023-06-20,1,0.0,0.0,1.0,0.0,0,0,0,0
Lucid Motors,2023-03-21,1,1.0,0.0,0.0,-0.9649195075035095,6,5,0,0
Lucira Health,2023-02-17,1,0.0,0.0,1.0,0.0,21,0,0,0
Ludia,2023-06-21,1,1.0,0.0,0.0,-0.9637429118156433,5,3,0,0
LumenAd,2020-04-09,1,0.0,0.0,1.0,0.0,0,0,0,0
Lummo,2022-05-31,1,0.0,0.0,1.0,0.0,4,2,1,0
Lunchbox,2022-07-14,1,1.0,0.0,0.0,-0.7392227649688721,8,0,0,0
Luno,2023-01-18,1,0.0,0.0,1.0,0.0,2,0,0,0
Lunya,2023-06-23,1,0.0,1.0,0.0,0.84388667345047,0,1,0,0
Lusha,2022-07-11,1,1.0,0.0,0.0,-0.6782114505767822,2,1,0,0
Lyft,2020-04-22,1,1.0,0.0,0.0,-0.7659835815429688,24,0,0,0
Lyft,2023-04-14,1,1.0,0.0,0.0,-0.9295756816864014,3,0,0,0
Lyric,2020-03-18,1,1.0,0.0,0.0,-0.9632046222686768,3,1,0,0
Lyst,2022-11-22,1,1.0,0.0,0.0,-0.5570281147956848,3,1,0,0
MFine,2022-05-14,1,0.0,0.0,1.0,0.0,8,0,1,0
MPL,2023-08-01,1,0.0,0.0,1.0,0.0,1,0,0,0
MX,2022-10-04,1,1.0,0.0,0.0,-0.5954582095146179,4,0,0,0
Madefire,2021-04-22,1,0.0,0.0,1.0,0.0,2,0,0,0
MadeiraMadeira,2022-08-02,1,0.0,0.0,1.0,0.0,0,0,0,0
Magic Eden,2023-02-06,1,0.0,0.0,1.0,0.0,7,4,0,0
Magic Leap,2020-04-15,1,0.0,0.0,1.0,0.0,24,0,0,0
Magicbricks,2020-05-10,1,1.0,0.0,0.0,-0.9668089747428894,3,0,3,0
Mainstreet,2022-04-27,1,0.0,0.0,1.0,0.0,2,2,0,0
MakeMyTrip,2020-05-25,1,1.0,0.0,0.0,-0.9006698131561279,2,0,0,0
MakeMyTrip,2020-08-24,1,0.0,0.0,1.0,0.0,6,1,0,0
Malwarebytes,2022-08-10,1,1.0,0.0,0.0,-0.9461898803710938,13,1,0,0
Mamaearth,2023-06-07,1,0.0,0.0,1.0,0.0,3,1,1,0
Mapbox,2023-01-05,1,1.0,0.0,0.0,-0.9141840934753418,7,0,0,0
Mapify,2020-08-12,1,0.0,0.0,1.0,0.0,0,0,0,0
Mara,2022-12-24,1,1.0,0.0,0.0,-0.960732638835907,12,0,1,0
Mara,2023-05-30,1,1.0,0.0,0.0,-0.960732638835907,12,0,1,0
Mark43,2022-06-16,1,0.0,0.0,1.0,0.0,8,0,0,0
Marketforce,2022-08-04,1,1.0,0.0,0.0,-0.9626947045326233,9,4,0,0
Marqeta,2023-05-02,1,0.0,0.0,1.0,0.0,0,0,0,0
MasterClass,2022-06-15,1,1.0,0.0,0.0,-0.9229894280433655,10,0,1,1
Matrixport,2023-01-20,1,1.0,0.0,0.0,-0.8816888332366943,1,0,0,0
Matterport,2020-04-02,1,1.0,0.0,0.0,-0.52583247423172,24,0,0,0
Matterport,2023-07-04,1,0.0,0.0,1.0,0.0,0,0,1,0
MaxMilhas,2020-03-27,1,0.0,0.0,1.0,0.0,0,0,0,0
McMakler,2022-07-19,1,0.0,0.0,1.0,0.0,0,0,0,0
McMakler,2022-10-17,1,0.0,0.0,1.0,0.0,0,0,0,0
McMakler,2023-05-24,1,0.0,0.0,1.0,0.0,0,0,0,0
Meati Foods,2023-05-27,1,1.0,0.0,0.0,-0.9399991631507874,3,0,0,0
Medallia,2023-02-17,1,0.0,0.0,1.0,0.0,21,0,0,0
MediBuddy,2023-01-13,1,0.0,0.0,1.0,0.0,10,4,0,0
MediaMath,2020-03-31,1,1.0,0.0,0.0,-0.9520816802978516,5,0,0,0
MediaMath,2023-06-23,1,0.0,0.0,1.0,0.0,0,2,0,0
Mediafly,2023-04-06,1,0.0,0.0,1.0,0.0,0,0,0,0
Medium,2021-03-17,1,0.0,0.0,1.0,0.0,0,0,0,0
Medium,2022-08-30,1,0.0,0.0,1.0,0.0,0,0,0,0
Medly,2022-07-28,1,0.0,0.0,1.0,0.0,2,0,0,0
Medly,2023-02-01,1,0.0,0.0,1.0,0.0,1,0,0,0
Medsaf,2023-06-30,1,1.0,0.0,0.0,-0.9582366943359375,4,0,0,0
Medtronic,2023-04-05,1,0.0,0.0,1.0,0.0,3,1,2,0
Meero,2022-05-02,1,0.0,0.0,1.0,0.0,0,0,0,0
Meesho,2020-04-01,1,1.0,0.0,0.0,-0.8800792098045349,4,0,1,0
Meesho,2022-04-04,1,0.0,0.0,1.0,0.0,8,4,0,0
Meesho,2022-08-22,1,1.0,0.0,0.0,-0.969841480255127,8,0,0,0
Meesho,2023-04-28,1,0.0,0.0,1.0,0.0,1,0,0,0
Megaport,2022-12-29,1,0.0,0.0,1.0,0.0,0,0,0,0
Megaport,2023-04-20,1,0.0,0.0,1.0,0.0,0,0,0,0
Mejuri,2020-04-02,1,1.0,0.0,0.0,-0.9540630578994751,9,0,0,0
Mejuri,2022-07-29,1,1.0,0.0,0.0,-0.9714600443840027,6,2,0,0
Melio,2022-08-02,1,1.0,0.0,0.0,-0.8659381866455078,3,0,0,0
Memmo,2022-06-01,1,0.0,0.0,1.0,0.0,0,0,0,0
Mensa Brands,2023-05-23,1,0.0,0.0,1.0,0.0,7,0,0,0
Menulog,2022-11-17,1,1.0,0.0,0.0,-0.9476848840713501,0,1,2,0
Meow Wolf,2020-04-03,1,1.0,0.0,0.0,-0.9622555375099182,3,0,0,0
Merative,2023-02-16,1,1.0,0.0,0.0,-0.915779709815979,8,0,0,0
Mercos,2020-05-06,1,0.0,0.0,1.0,0.0,0,0,0,0
MessageBird,2022-11-22,1,0.0,0.0,1.0,0.0,1,0,0,0
Messari,2023-02-16,1,1.0,0.0,0.0,-0.9238458275794983,2,4,0,0
Meta,2022-11-02,1,1.0,0.0,0.0,-0.6931192874908447,5,2,1,3
Meta,2023-03-07,1,0.0,0.0,1.0,0.0,1,2,0,0
Metaplex,2022-11-11,1,0.0,0.0,1.0,0.0,5,0,0,0
Metigy,2022-07-24,1,0.0,0.0,1.0,0.0,0,0,0,0
Metromile,2020-03-30,1,0.0,0.0,1.0,0.0,24,0,0,0
Metromile,2022-07-21,1,1.0,0.0,0.0,-0.5554798245429993,5,0,0,0
MiQ,2023-07-13,1,1.0,0.0,0.0,-0.9325481057167053,11,0,0,0
Microsoft,2022-07-05,1,1.0,0.0,0.0,-0.8970423340797424,1,0,0,0
Microsoft,2022-10-10,1,1.0,0.0,0.0,-0.9416816234588623,5,0,0,0
Microsoft,2023-07-11,1,0.0,0.0,1.0,0.0,7,0,0,0
Milkbasket,2023-07-20,1,1.0,0.0,0.0,-0.6972173452377319,2,0,0,0
Milkrun,2023-02-08,1,1.0,0.0,0.0,-0.9598161578178406,0,0,0,1
Milkrun,2023-04-04,1,1.0,0.0,0.0,-0.8655676245689392,3,0,0,0
Mindgeek,2022-06-15,1,1.0,0.0,0.0,-0.9263999462127686,8,0,1,0
Minute Media,2023-01-01,1,0.0,0.0,1.0,0.0,3,0,0,0
Miro,2023-01-26,1,0.0,1.0,0.0,0.42208439111709595,0,0,0,0
Mobile Premier League,2022-05-23,1,0.0,0.0,1.0,0.0,2,0,0,0
Mode Analytics,2020-05-06,1,0.0,0.0,1.0,0.0,0,0,0,0
Mode Analytics,2022-09-05,1,1.0,0.0,0.0,-0.9332020282745361,3,0,0,0
Modsy,2020-03-26,1,1.0,0.0,0.0,-0.9603541493415833,15,0,0,0
Modsy,2022-06-22,1,1.0,0.0,0.0,-0.7138220071792603,6,0,0,0
Moglix,2022-12-29,1,0.0,0.0,1.0,0.0,10,0,0,0
Mogo,2020-03-20,1,1.0,0.0,0.0,-0.91270911693573,13,0,1,0
Mojo Vision,2022-12-30,1,0.0,0.0,1.0,0.0,2,0,0,0
Mojocare,2023-06-10,1,1.0,0.0,0.0,-0.9150773882865906,5,0,0,0
Momentis Surgical,2023-05-01,1,1.0,0.0,0.0,-0.7128116488456726,5,0,0,0
Momentive,2023-02-08,1,0.0,0.0,1.0,0.0,0,0,0,0
Monese,2020-04-24,1,0.0,1.0,0.0,0.6192147731781006,0,0,0,0
Monzo,2020-04-02,1,1.0,0.0,0.0,-0.8957134485244751,3,0,0,0
Monzo,2020-05-27,1,1.0,0.0,0.0,-0.7307220101356506,26,0,0,0
Moove,2022-11-29,1,1.0,0.0,0.0,-0.6314724683761597,5,0,0,0
Morning Brew,2022-11-10,1,1.0,0.0,0.0,-0.9324377179145813,0,0,0,0
Moss,2022-09-16,1,0.0,0.0,1.0,0.0,0,0,0,0
Moss,2023-05-12,1,0.0,0.0,1.0,0.0,0,0,0,0
Motif Foodworks,2022-06-29,1,0.0,0.0,1.0,0.0,4,1,0,0
Motional,2022-11-23,1,1.0,0.0,0.0,-0.9629331827163696,9,0,2,1
Movidesk,2020-04-13,1,0.0,0.0,1.0,0.0,0,0,0,0
Mozilla,2020-08-04,1,1.0,0.0,0.0,-0.9103310704231262,21,0,0,0
Mr Yum,2023-03-14,1,0.0,0.0,1.0,0.0,2,1,0,0
Mr. Yum,2022-08-15,1,0.0,1.0,0.0,0.5500448346138,0,0,0,0
Mudafy,2023-01-12,1,0.0,0.0,1.0,0.0,0,0,0,0
Muni Tienda,2022-11-16,1,0.0,0.0,1.0,0.0,0,0,0,0
MyGate,2023-02-13,1,0.0,0.0,1.0,0.0,9,0,1,0
Myntra,2023-07-19,1,1.0,0.0,0.0,-0.8346748948097229,4,1,0,0
N26,2020-05-01,1,0.0,0.0,1.0,0.0,1,0,0,0
N26,2023-04-21,1,0.0,0.0,1.0,0.0,0,0,0,0
NCC Group,2023-01-26,1,1.0,0.0,0.0,-0.9594407081604004,4,0,0,0
NCC Group,2023-08-03,1,1.0,0.0,0.0,-0.9490593075752258,11,0,0,0
NCSoft,2023-01-26,1,1.0,0.0,0.0,-0.9252156019210815,3,0,0,0
NCX,2022-11-21,1,0.0,0.0,1.0,0.0,0,0,0,0
NS8,2020-09-04,1,1.0,0.0,0.0,-0.7093079090118408,1,0,0,0
NSO,2022-08-14,1,1.0,0.0,0.0,-0.5657922029495239,4,3,0,0
Namely,2020-04-24,1,1.0,0.0,0.0,-0.7934232950210571,25,0,0,0
Namogoo,2022-11-02,1,1.0,0.0,0.0,-0.8662585020065308,6,0,0,0
Namogoo,2023-01-16,1,0.0,0.0,1.0,0.0,9,0,0,0
Nansen,2023-05-23,1,0.0,0.0,1.0,0.0,0,0,0,0
National Instruments,2023-01-24,1,0.0,0.0,1.0,0.0,0,0,0,0
Nav,2020-03-31,1,1.0,0.0,0.0,-0.6640392541885376,23,0,0,0
Navi,2020-06-10,1,0.0,0.0,1.0,0.0,4,0,0,0
Navi Technologies,2023-07-06,1,1.0,0.0,0.0,-0.9381539821624756,9,0,0,0
Nearmap,2020-04-15,1,0.0,0.0,1.0,0.0,0,0,1,0
Nearmap,2023-02-01,1,0.0,0.0,1.0,0.0,2,0,0,0
Neon,2020-04-06,1,0.0,0.0,1.0,0.0,0,0,0,0
Nestcoin,2022-11-07,1,1.0,0.0,0.0,-0.5884238481521606,5,0,0,0
NetApp,2023-01-24,1,1.0,0.0,0.0,-0.9629822969436646,5,0,0,0
Netflix,2022-04-21,1,0.0,0.0,1.0,0.0,6,3,1,0
Netflix,2022-05-10,1,1.0,0.0,0.0,-0.9571599364280701,3,0,0,0
Netflix,2022-06-16,1,1.0,0.0,0.0,-0.954481840133667,0,0,0,0
Netflix,2022-09-07,1,0.0,0.0,1.0,0.0,2,0,0,0
Netlify,2023-07-06,1,0.0,0.0,1.0,0.0,0,2,0,0
New Relic,2021-03-30,1,0.0,0.0,1.0,0.0,3,1,0,0
Newfront Insurance,2020-03-31,1,1.0,0.0,0.0,-0.7396735548973083,24,0,0,0
Nexar,2022-11-23,1,1.0,0.0,0.0,-0.953296422958374,8,0,0,0
Nexar,2023-07-24,1,1.0,0.0,0.0,-0.953296422958374,8,0,0,0
Next Insurance,2022-06-30,1,1.0,0.0,0.0,-0.6923121809959412,3,0,0,0
NextRoll,2022-07-01,1,1.0,0.0,0.0,-0.9500327706336975,8,0,0,0
Nextbite,2022-07-02,1,1.0,0.0,0.0,-0.7153108716011047,1,3,0,0
Nextbite,2023-05-11,1,1.0,0.0,0.0,-0.9121301174163818,9,7,0,0
Niantic,2023-06-22,1,0.0,0.0,1.0,0.0,0,3,0,0
Ninjacart,2021-02-16,1,0.0,0.0,1.0,0.0,8,0,2,0
Nirvana Money,2022-11-08,1,0.0,0.0,1.0,0.0,0,0,0,0
Noice,2023-08-08,1,0.0,0.0,1.0,0.0,0,0,0,0
Noom,2022-04-22,1,1.0,0.0,0.0,-0.5625417828559875,0,0,0,0
Noom,2022-10-04,1,1.0,0.0,0.0,-0.8753695487976074,9,0,0,0
Nova Benefits,2022-06-21,1,0.0,0.0,1.0,0.0,6,2,0,0
Nowports,2023-03-23,1,0.0,0.0,1.0,0.0,0,0,0,0
Nuance Communications,2023-05-13,1,1.0,0.0,0.0,-0.9251529574394226,4,0,0,0
Nubank,2023-01-24,1,0.0,0.0,1.0,0.0,0,0,0,0
Numbrs,2020-04-30,1,0.0,0.0,1.0,0.0,0,0,0,0
Nuri,2022-05-18,1,0.0,0.0,1.0,0.0,0,0,0,0
Nuro,2022-07-06,1,1.0,0.0,0.0,-0.8138378262519836,5,0,0,0
Nuro,2022-11-11,1,1.0,0.0,0.0,-0.8840644955635071,6,0,0,0
Nuro,2023-05-05,1,1.0,0.0,0.0,-0.9510621428489685,6,1,1,0
Nylas,2022-07-26,1,0.0,0.0,1.0,0.0,0,0,0,0
O'Reilly Media,2020-03-18,1,1.0,0.0,0.0,-0.5314626693725586,8,0,0,0
OFFOR Health,2023-01-17,1,0.0,0.0,1.0,0.0,0,0,0,0
OKCredit,2022-02-17,1,0.0,0.0,1.0,0.0,9,0,0,0
OLX Group,2023-01-23,1,1.0,0.0,0.0,-0.9636587500572205,0,2,0,0
OLX Group,2023-06-13,1,1.0,0.0,0.0,-0.9436736106872559,7,0,0,0
OLX India,2020-10-03,1,0.0,0.0,1.0,0.0,2,0,0,0
OPay,2020-04-29,1,1.0,0.0,0.0,-0.9447332620620728,3,0,0,0
OYO,2020-04-24,1,1.0,0.0,0.0,-0.6733231544494629,2,1,0,0
OYO,2020-06-17,1,1.0,0.0,0.0,-0.5190061330795288,2,0,0,0
OYO,2022-11-26,1,0.0,0.0,1.0,0.0,4,0,0,0
Oatly,2022-11-08,1,0.0,0.0,1.0,0.0,2,0,0,0
Ocavu,2022-11-03,1,0.0,0.0,1.0,0.0,2,0,0,0
Octopus Network,2022-12-20,1,0.0,0.0,1.0,0.0,2,0,0,0
Oda,2022-10-25,2,0.0,0.0,1.0,0.0,0,0,0,0
Oddle,2023-04-20,1,0.0,0.0,1.0,0.0,0,0,0,0
Oh My Green,2020-03-20,1,0.0,0.0,1.0,0.0,2,0,1,0
Okta,2022-08-19,1,1.0,0.0,0.0,-0.9465697407722473,8,0,0,1
Ola,2020-05-13,1,1.0,0.0,0.0,-0.9699928760528564,6,0,0,0
Ola,2022-07-22,1,1.0,0.0,0.0,-0.7185096144676208,4,3,1,0
Ola,2022-09-12,1,0.0,0.0,1.0,0.0,7,3,0,0
Ola,2023-01-06,1,1.0,0.0,0.0,-0.7991677522659302,9,2,0,0
Olist,2022-05-16,1,0.0,0.0,1.0,0.0,0,0,0,0
Olist,2023-01-23,1,0.0,0.0,1.0,0.0,0,0,0,0
Olive,2022-07-12,1,0.0,0.0,1.0,0.0,0,0,0,0
Olo,2023-06-07,1,0.0,0.0,1.0,0.0,6,7,0,0
Omie,2020-04-02,1,0.0,0.0,1.0,0.0,0,0,0,0
Omnipresent,2023-01-25,1,0.0,0.0,1.0,0.0,1,2,0,0
On Deck,2022-04-28,1,1.0,0.0,0.0,-0.9314501881599426,7,0,0,0
On Deck,2022-07-28,1,1.0,0.0,0.0,-0.9334421753883362,14,0,0,0
OnDeck,2020-07-01,1,0.0,0.0,1.0,0.0,5,0,0,0
OneFootball,2023-02-16,1,0.0,0.0,1.0,0.0,0,0,0,0
OnePipe,2023-03-22,1,0.0,1.0,0.0,0.5828869342803955,1,0,0,0
OneTrust,2022-06-02,1,0.0,0.0,1.0,0.0,0,0,0,0
Onfido,2023-07-17,1,1.0,0.0,0.0,-0.5357006192207336,1,0,0,0
OnlyFans,2022-07-25,1,1.0,0.0,0.0,-0.6632293462753296,6,0,0,0
Open,2023-04-13,1,1.0,0.0,0.0,-0.8740537166595459,4,0,1,0
Open Co,2023-02-03,1,0.0,0.0,1.0,0.0,2,0,0,0
OpenSea,2022-07-07,1,0.0,0.0,1.0,0.0,0,0,0,0
OpenText,2023-01-24,1,1.0,0.0,0.0,-0.9404056072235107,6,0,0,0
OpenWeb,2022-06-08,1,1.0,0.0,0.0,-0.947003185749054,2,0,0,0
OpenX,2020-04-21,1,1.0,0.0,0.0,-0.9625046253204346,5,0,0,0
Opencare,2020-03-27,1,1.0,0.0,0.0,-0.9356626868247986,9,0,0,0
Opendoor,2020-04-08,1,0.0,0.0,1.0,0.0,21,0,0,0
Openpay,2023-01-31,1,0.0,0.0,1.0,0.0,0,0,0,0
Opora,2023-06-01,1,1.0,0.0,0.0,-0.5375689268112183,5,0,0,0
Optimizely,2020-07-08,1,1.0,0.0,0.0,-0.8758797645568848,12,0,0,0
OrCam,2022-10-16,1,1.0,0.0,0.0,-0.745017409324646,3,1,0,0
Oracle,2022-10-25,1,1.0,0.0,0.0,-0.5543956160545349,7,0,1,0
Oracle,2023-01-10,1,1.0,0.0,0.0,-0.5516596436500549,7,0,0,0
Orbit,2022-08-05,1,0.0,0.0,1.0,0.0,0,0,0,0
Orchard,2022-06-16,1,0.0,0.0,1.0,0.0,4,0,0,0
Orchard,2023-02-23,1,0.0,0.0,1.0,0.0,1,0,1,0
Oriente,2020-04-27,1,0.0,0.0,1.0,0.0,2,0,0,0
Otonomo,2022-08-21,1,0.0,0.0,1.0,0.0,1,0,0,0
Otonomo,2022-12-01,1,1.0,0.0,0.0,-0.9346767663955688,5,0,0,0
Ouster,2020-09-01,1,1.0,0.0,0.0,-0.9470495581626892,3,0,0,0
Outbrain,2022-07-19,1,1.0,0.0,0.0,-0.9662399291992188,1,0,0,0
Outbrain,2023-05-25,1,1.0,0.0,0.0,-0.9487195611000061,6,0,0,0
Outdoorsy,2020-05-28,1,0.0,0.0,1.0,0.0,2,0,0,0
Outreach,2022-07-26,1,0.0,0.0,1.0,0.0,2,0,0,0
Outreach,2023-07-25,1,0.0,0.0,1.0,0.0,5,0,1,0
Outschool,2022-06-28,1,0.0,0.0,1.0,0.0,7,0,0,0
Outschool,2022-12-03,1,1.0,0.0,0.0,-0.9227531552314758,18,0,1,0
Outside,2022-05-13,1,1.0,0.0,0.0,-0.8252062797546387,0,1,0,0
Owlet,2022-07-15,1,0.0,0.0,1.0,0.0,0,0,0,0
OwnBackup,2022-11-08,1,0.0,0.0,1.0,0.0,3,0,0,0
Oye Rickshaw,2022-06-22,1,0.0,0.0,1.0,0.0,14,0,0,0
Oyster,2023-01-04,1,0.0,0.0,1.0,0.0,0,0,0,0
Oyster,2023-01-23,1,0.0,0.0,1.0,0.0,2,2,0,0
Pacaso,2022-10-04,1,1.0,0.0,0.0,-0.9696096777915955,3,0,0,0
Packable,2022-08-16,1,1.0,0.0,0.0,-0.5619397759437561,1,0,0,0
PacketFabric,2023-05-23,1,0.0,0.0,1.0,0.0,0,0,0,0
Paddle,2023-01-04,1,0.0,0.0,1.0,0.0,0,0,0,0
PagBank,2023-01-09,1,0.0,0.0,1.0,0.0,4,0,0,0
PagSeguro,2023-01-18,1,1.0,0.0,0.0,-0.9652795195579529,4,0,0,0
Pagarbook,2021-07-19,1,0.0,0.0,1.0,0.0,4,0,0,0
Pagaya,2023-01-11,1,1.0,0.0,0.0,-0.8049864172935486,7,0,0,0
Palantir,2023-02-20,1,1.0,0.0,0.0,-0.8630924820899963,6,0,0,0
Pana,2020-03-25,1,0.0,0.0,1.0,0.0,1,0,0,0
Panda Squad,2020-03-06,1,0.0,0.0,1.0,0.0,0,0,0,0
Panther,2023-06-12,1,0.0,0.0,1.0,0.0,0,0,0,0
Papa,2022-07-06,1,0.0,0.0,1.0,0.0,0,0,0,0
Paper,2023-04-10,1,0.0,0.0,1.0,0.0,0,1,0,0
Paper,2023-07-25,1,0.0,1.0,0.0,0.6201524138450623,0,0,0,0
Parler,2023-01-03,1,1.0,0.0,0.0,-0.5242024064064026,6,0,0,0
PartnerStack,2023-01-17,1,1.0,0.0,0.0,-0.9685251116752625,24,0,0,1
Patreon,2020-04-14,1,1.0,0.0,0.0,-0.44526606798171997,5,0,0,0
Patreon,2021-04-19,1,0.0,0.0,1.0,0.0,0,0,0,0
Patreon,2022-09-02,1,1.0,0.0,0.0,-0.8744872212409973,11,0,0,0
PaulCamper,2023-06-30,1,0.0,0.0,1.0,0.0,2,0,0,0
Pavilion Data,2022-10-03,1,0.0,0.0,1.0,0.0,1,0,0,0
PayJoy,2020-04-21,1,0.0,0.0,1.0,0.0,25,0,0,0
PayPal,2023-01-24,1,1.0,0.0,0.0,-0.6783072352409363,3,0,0,0
PayU,2022-12-19,1,1.0,0.0,0.0,-0.8100557327270508,4,0,0,0
Payoneer,2023-06-19,1,1.0,0.0,0.0,-0.8902170658111572,8,0,0,0
Pear Therapeutics,2022-07-18,1,1.0,0.0,0.0,-0.9560304880142212,5,3,0,0
Pear Therapeutics,2023-03-31,1,0.0,0.0,1.0,0.0,1,0,0,0
Pecan AI,2022-12-29,1,0.0,0.0,1.0,0.0,3,0,0,0
Peek,2020-03-13,1,0.0,0.0,1.0,0.0,22,0,0,0
PeerStreet,2020-03-23,1,0.0,0.0,1.0,0.0,21,0,0,0
Peloton,2022-02-01,1,1.0,0.0,0.0,-0.6753881573677063,4,2,0,0
Peloton,2022-08-05,1,1.0,0.0,0.0,-0.5766305327415466,3,2,1,0
Peloton,2023-07-06,1,0.0,0.0,1.0,0.0,0,0,0,0
People.ai,2020-04-10,1,0.0,0.0,1.0,0.0,7,0,0,0
Perceptive Automata,2022-07-25,1,1.0,0.0,0.0,-0.8603533506393433,0,0,0,0
Perfect Day,2023-06-29,1,0.0,0.0,1.0,0.0,7,0,0,0
Perimeter 81,2022-11-29,1,1.0,0.0,0.0,-0.5189391374588013,3,0,0,0
Perion,2022-08-01,1,1.0,0.0,0.0,-0.940473198890686,3,0,0,0
Perkbox,2020-07-20,1,0.0,0.0,1.0,0.0,23,0,0,0
Permutive,2022-08-03,1,1.0,0.0,0.0,-0.6545647978782654,5,0,0,1
Permutive,2023-04-04,1,1.0,0.0,0.0,-0.6273009777069092,6,0,1,0
Personetics,2022-12-29,1,0.0,0.0,1.0,0.0,4,0,0,0
Perx Health,2022-06-25,1,0.0,0.0,1.0,0.0,5,0,0,0
PetLove,2023-02-06,1,0.0,0.0,1.0,0.0,0,0,0,0
Petal,2020-05-05,1,0.0,0.0,1.0,0.0,23,0,0,0
Petal,2022-08-11,1,0.0,0.0,1.0,0.0,3,1,0,0
Petal,2023-06-23,1,0.0,0.0,1.0,0.0,1,0,0,0
PhableCare,2023-02-07,1,0.0,0.0,1.0,0.0,8,0,0,0
PharmEasy,2022-06-09,1,0.0,0.0,1.0,0.0,9,1,0,0
PharmEasy,2022-12-03,1,0.0,0.0,1.0,0.0,6,2,0,0
PharmEasy,2023-04-24,1,0.0,0.0,1.0,0.0,0,0,0,0
PickYourTrail,2020-05-14,1,0.0,0.0,1.0,0.0,1,0,0,0
Pico Interactive,2023-02-09,1,0.0,0.0,1.0,0.0,1,0,0,0
PicoBrew,2020-04-23,1,0.0,0.0,1.0,0.0,0,0,0,0
Pipedrive,2020-04-28,1,1.0,0.0,0.0,-0.653890073299408,0,0,0,0
Pipl,2022-06-16,1,1.0,0.0,0.0,-0.8787484169006348,0,0,0,0
Pitch,2022-09-07,1,0.0,0.0,1.0,0.0,0,0,0,0
Pivot3,2020-03-20,1,1.0,0.0,0.0,-0.7870932221412659,3,0,1,0
Pix,2022-08-17,1,0.0,0.0,1.0,0.0,4,0,0,0
Plaid,2022-11-30,1,1.0,0.0,0.0,-0.9383255839347839,7,0,0,0
Planet,2023-07-25,1,0.0,0.0,1.0,0.0,1,2,0,0
Playdots,2022-10-06,1,0.0,0.0,1.0,0.0,0,0,0,0
Playtika,2022-05-24,1,1.0,0.0,0.0,-0.7827451825141907,2,0,0,0
Playtika,2022-12-02,1,1.0,0.0,0.0,-0.9704205393791199,2,0,0,0
Plerk,2022-11-22,1,0.0,0.0,1.0,0.0,1,0,0,0
Plex,2023-06-21,1,0.0,0.0,1.0,0.0,9,1,0,0
Pliops,2022-08-09,1,0.0,0.0,1.0,0.0,2,0,0,0
Plum,2022-11-02,1,0.0,0.0,1.0,0.0,3,0,0,0
Pluralsight,2022-12-05,1,0.0,0.0,1.0,0.0,0,1,0,0
Pluralsight,2023-04-14,1,0.0,0.0,1.0,0.0,1,0,0,0
Pluralsight,2023-07-18,1,0.0,0.0,1.0,0.0,4,0,0,0
Plus One Robotics,2023-01-19,1,0.0,0.0,1.0,0.0,5,0,0,0
Pocket Aces,2023-01-30,1,1.0,0.0,0.0,-0.8569915890693665,5,0,0,0
Pocketmath,2021-01-13,1,0.0,0.0,1.0,0.0,0,0,0,0
Podium,2022-11-24,1,1.0,0.0,0.0,-0.9440869092941284,7,0,2,1
PolicyGenius,2022-05-26,1,1.0,0.0,0.0,-0.9606655240058899,5,0,0,0
Politico / Protocol,2020-04-14,1,0.0,0.0,1.0,0.0,3,0,0,0
Pollen,2020-05-12,1,1.0,0.0,0.0,-0.6631191968917847,4,0,0,0
Pollen,2022-05-03,1,1.0,0.0,0.0,-0.5839642882347107,34,0,4,0
Pollen,2022-08-03,1,1.0,0.0,0.0,-0.91446852684021,0,1,0,0
Polygon,2023-02-14,1,0.0,0.0,1.0,0.0,10,1,0,0
Poparazzi,2023-04-21,1,0.0,0.0,1.0,0.0,2,0,0,0
Popin,2020-03-12,1,1.0,0.0,0.0,-0.7252066731452942,0,0,0,0
Poppulo,2023-04-20,1,1.0,0.0,0.0,-0.9450403451919556,0,1,2,0
Poshmark,2023-02-17,1,1.0,0.0,0.0,-0.9508721232414246,7,0,1,0
Postscript,2022-06-19,1,0.0,0.0,1.0,0.0,0,0,0,0
Practically,2022-10-30,1,0.0,0.0,1.0,0.0,3,3,0,0
Practo,2023-04-01,1,0.0,0.0,1.0,0.0,3,2,0,0
Prime Trust,2023-01-23,1,1.0,0.0,0.0,-0.9458948373794556,3,0,2,0
Primer,2022-12-02,1,1.0,0.0,0.0,-0.9606835246086121,6,3,1,0
Prisma,2023-01-12,1,1.0,0.0,0.0,-0.6234142184257507,0,2,0,0
Pristyn Care,2023-02-28,1,1.0,0.0,0.0,-0.8887333273887634,8,0,2,0
Productboard,2022-11-08,1,0.0,0.0,1.0,0.0,0,0,0,0
Progrexion,2022-04-28,1,0.0,0.0,1.0,0.0,11,0,0,1
Project44,2022-07-08,1,1.0,0.0,0.0,-0.9615986943244934,0,1,0,0
Project44,2023-05-19,1,1.0,0.0,0.0,-0.8995196223258972,5,4,0,0
Propzy,2022-05-31,1,0.0,0.0,1.0,0.0,0,0,0,0
Propzy,2022-09-06,1,0.0,0.0,1.0,0.0,0,1,0,0
Protego Trust Bank,2023-02-22,1,1.0,0.0,0.0,-0.9580352306365967,3,0,0,0
Proterra,2023-01-12,1,0.0,0.0,1.0,0.0,1,0,0,0
Protocol,2022-11-08,1,0.0,0.0,1.0,0.0,0,0,0,0
Protonn,2022-01-13,1,0.0,0.0,1.0,0.0,2,0,0,0
Providoor,2023-04-21,1,0.0,0.0,1.0,0.0,0,0,0,0
PuduTech,2022-07-01,1,1.0,0.0,0.0,-0.9497185945510864,9,0,0,0
Purse,2020-04-09,1,0.0,0.0,1.0,0.0,0,0,0,0
Q4,2022-08-16,1,1.0,0.0,0.0,-0.8668199777603149,3,1,1,0
Qin1,2022-10-07,1,0.0,0.0,1.0,0.0,6,0,1,0
Qoala,2023-07-24,1,0.0,0.0,1.0,0.0,0,0,0,0
Quadream,2023-04-09,1,1.0,0.0,0.0,-0.8387519121170044,4,0,0,0
Qualcomm,2022-12-15,1,0.0,0.0,1.0,0.0,8,0,2,1
Qualcomm,2023-05-16,1,1.0,0.0,0.0,-0.9524681568145752,5,0,0,0
Quandoo,2021-01-27,1,0.0,0.0,1.0,0.0,1,0,0,0
Quantcast,2020-04-01,1,1.0,0.0,0.0,-0.8179793357849121,4,0,0,0
Quantcast,2022-07-22,1,1.0,0.0,0.0,-0.9669792652130127,3,1,0,0
Quanto,2023-05-09,1,0.0,0.0,1.0,0.0,0,0,0,0
Quibi,2020-10-14,1,0.0,0.0,1.0,0.0,23,0,0,0
Quidax,2022-11-17,1,1.0,0.0,0.0,-0.7788340449333191,2,0,0,0
Qyuki,2023-06-22,1,1.0,0.0,0.0,-0.9742224812507629,0,2,0,0
REE Automotive,2023-02-02,1,1.0,0.0,0.0,-0.5594409108161926,3,0,0,0
Rangle,2020-03-18,1,1.0,0.0,0.0,-0.9360202550888062,13,1,0,0
Rapid,2023-04-18,2,1.0,0.0,0.0,-0.9534511864185333,12,2,0,0
Rappi,2023-01-10,1,0.0,0.0,1.0,0.0,0,0,0,0
Rapyd,2022-11-15,1,1.0,0.0,0.0,-0.9448601007461548,0,0,0,0
Rasa,2022-03-23,1,0.0,0.0,1.0,0.0,0,0,0,0
Reach,2022-12-09,1,1.0,0.0,0.0,-0.9724383354187012,28,0,0,0
Reali,2022-08-17,1,0.0,0.0,1.0,0.0,3,0,0,0
Rebel Foods,2023-01-09,1,0.0,0.0,1.0,0.0,1,0,0,0
Recharge,2022-10-20,1,0.0,0.0,1.0,0.0,0,0,0,0
Recur Forever,2022-11-30,1,1.0,0.0,0.0,-0.7883704900741577,10,0,0,0
Red Hat,2023-04-17,1,1.0,0.0,0.0,-0.9119828343391418,1,0,0,0
RedDoorz,2020-04-01,1,0.0,0.0,1.0,0.0,0,0,0,0
RedDoorz,2020-04-07,1,0.0,0.0,1.0,0.0,3,0,1,0
Redbubble,2023-01-11,1,0.0,0.0,1.0,0.0,0,0,1,0
Redbubble,2023-05-03,1,0.0,0.0,1.0,0.0,0,0,3,0
Redfin,2022-11-02,1,1.0,0.0,0.0,-0.8937562108039856,2,0,0,0
Redox,2020-06-09,1,0.0,0.0,1.0,0.0,0,0,0,0
Reef,2022-04-29,1,1.0,0.0,0.0,-0.897679328918457,3,0,0,0
Reforge,2022-11-03,1,0.0,0.0,1.0,0.0,0,0,0,0
Reforge,2023-04-04,1,0.0,0.0,1.0,0.0,0,0,0,0
Relevel,2023-01-03,1,0.0,0.0,1.0,0.0,14,2,0,0
Reliance JioMart,2023-05-16,1,1.0,0.0,0.0,-0.9390262365341187,8,0,2,0
Remote Year,2020-03-12,1,1.0,0.0,0.0,-0.7819079756736755,6,0,0,0
Renmoney,2020-04-21,1,1.0,0.0,0.0,-0.5567854046821594,8,0,0,0
RenoRun,2022-07-28,1,1.0,0.0,0.0,-0.9206337928771973,8,0,1,0
RenoRun,2022-10-20,1,1.0,0.0,0.0,-0.965309739112854,7,0,0,0
RenoRun,2023-04-19,1,1.0,0.0,0.0,-0.7762719988822937,3,0,0,0
Rent the Runway,2020-03-21,1,0.0,0.0,1.0,0.0,1,0,0,0
Replicated,2022-05-24,1,1.0,0.0,0.0,-0.5303037166595459,1,0,0,0
ResearchGate,2022-11-21,1,0.0,0.0,1.0,0.0,3,1,0,0
Reserve,2023-02-10,1,0.0,0.0,1.0,0.0,0,0,0,0
Restaurant365,2020-03-20,1,0.0,0.0,1.0,0.0,7,0,0,0
Rev.com,2022-09-30,1,1.0,0.0,0.0,-0.9354687929153442,4,1,3,0
Revelate,2022-12-09,1,1.0,0.0,0.0,-0.9724383354187012,28,0,0,0
Rewind,2023-03-15,1,0.0,0.0,1.0,0.0,0,0,0,0
Reynen Court,2022-11-15,1,1.0,0.0,0.0,-0.9324101805686951,2,0,0,0
Rhino,2022-01-27,1,1.0,0.0,0.0,-0.893180251121521,4,1,0,0
Ribbon,2022-11-07,1,1.0,0.0,0.0,-0.5692605376243591,12,0,0,0
Ridecell,2020-05-07,1,1.0,0.0,0.0,-0.7994793057441711,27,0,0,0
Riot Games,2023-01-12,1,1.0,0.0,0.0,-0.5992164015769958,9,0,0,0
Ripl,2023-07-19,1,0.0,0.0,1.0,0.0,0,0,0,0
Ritual,2020-03-26,1,1.0,0.0,0.0,-0.8202549815177917,20,0,0,0
Ritual,2022-06-15,1,0.0,0.0,1.0,0.0,1,0,0,0
Ritual,2023-06-14,1,1.0,0.0,0.0,-0.8568227291107178,3,0,1,0
Rivian,2020-05-26,1,0.0,0.0,1.0,0.0,3,0,0,0
Rivian,2022-07-20,1,0.0,0.0,1.0,0.0,0,0,0,0
Ro,2022-06-16,1,1.0,0.0,0.0,-0.9473837018013,5,0,0,0
Robinhood,2022-04-19,1,1.0,0.0,0.0,-0.6987623572349548,0,0,0,0
Robinhood,2022-07-26,1,1.0,0.0,0.0,-0.9617279767990112,10,3,0,0
Rock Content,2020-03-30,1,0.0,0.0,1.0,0.0,0,0,0,0
Rock Content,2023-01-05,1,0.0,0.0,1.0,0.0,2,0,0,0
Roku,2022-11-10,1,1.0,0.0,0.0,-0.9449793100357056,2,1,0,0
Roofstock,2022-10-13,1,1.0,0.0,0.0,-0.6223474144935608,1,0,0,0
Roofstock,2023-03-15,1,1.0,0.0,0.0,-0.8147783875465393,11,0,0,0
Root Insurance,2022-01-13,1,1.0,0.0,0.0,-0.7386528253555298,3,0,0,0
Route,2022-11-28,1,0.0,0.0,1.0,0.0,1,0,0,0
Rows,2022-06-22,1,0.0,0.0,1.0,0.0,0,0,0,0
Ruangguru,2022-11-11,1,0.0,0.0,1.0,0.0,0,0,0,0
Rubicon Project,2020-04-29,1,1.0,0.0,0.0,-0.9201534986495972,2,0,1,1
Ruggable,2023-01-20,1,1.0,0.0,0.0,-0.6585312485694885,3,1,0,0
Runtastic,2023-03-09,1,0.0,0.0,1.0,0.0,0,0,0,0
Rupeek,2022-05-31,1,0.0,0.0,1.0,0.0,5,1,0,0
Rupeek,2022-08-31,1,0.0,0.0,1.0,0.0,8,2,0,0
SADA,2022-11-01,1,0.0,0.0,1.0,0.0,3,0,0,0
SAP,2023-01-19,1,1.0,0.0,0.0,-0.7895193099975586,3,2,0,0
SAP Labs,2023-02-17,1,1.0,0.0,0.0,-0.8579453825950623,11,0,0,0
SAS,2023-04-24,1,0.0,0.0,1.0,0.0,0,0,0,0
SEND,2022-04-27,1,0.0,0.0,1.0,0.0,0,0,0,0
SHINE Technologies,2023-08-03,1,0.0,0.0,1.0,0.0,6,0,0,0
SQream,2022-06-29,1,1.0,0.0,0.0,-0.574679970741272,2,0,0,0
SSense,2023-01-20,1,1.0,0.0,0.0,-0.9685251116752625,24,0,0,1
SWVL,2022-05-23,1,1.0,0.0,0.0,-0.9689295291900635,9,0,1,0
SWVL,2022-11-16,1,1.0,0.0,0.0,-0.9708598852157593,10,0,0,0
Saarthi.ai,2023-07-13,1,1.0,0.0,0.0,-0.8798426389694214,3,0,0,0
Sabre,2023-04-27,1,1.0,0.0,0.0,-0.8643802404403687,1,0,0,0
SafeGraph,2022-06-20,1,0.0,0.0,1.0,0.0,0,1,0,0
Sage Therapeutics,2020-03-31,1,1.0,0.0,0.0,-0.6188498735427856,3,1,2,0
Saks.com,2023-01-12,1,0.0,0.0,1.0,0.0,4,0,0,0
Sales Boomerang,2022-10-13,1,1.0,0.0,0.0,-0.9161346554756165,12,0,1,0
Salesforce,2022-10-31,1,1.0,0.0,0.0,-0.6196762323379517,2,0,0,0
Sama,2022-09-05,1,0.0,0.0,1.0,0.0,0,0,0,0
Sami,2022-06-07,1,0.0,0.0,1.0,0.0,3,0,0,0
Samsara,2020-05-13,1,1.0,0.0,0.0,-0.6371682286262512,22,0,1,0
Sana Benefits,2023-01-31,1,0.0,0.0,1.0,0.0,2,1,0,0
Sanar,2022-06-03,1,0.0,0.0,1.0,0.0,0,0,0,0
Sandbox VR,2020-04-24,1,1.0,0.0,0.0,-0.7234121561050415,23,0,0,0
Sarcos,2023-07-10,1,0.0,0.0,1.0,0.0,3,1,1,0
Sayurbox,2022-11-30,1,0.0,0.0,1.0,0.0,0,0,0,0
Sayurbox,2023-04-07,1,0.0,0.0,1.0,0.0,0,0,0,0
Scale AI,2023-01-02,1,0.0,0.0,1.0,0.0,0,0,0,0
ScaleFocus,2020-06-04,1,1.0,0.0,0.0,-0.6661067605018616,0,0,0,0
Scoop,2020-04-01,1,1.0,0.0,0.0,-0.6938713788986206,21,0,0,0
Scoop,2020-11-10,1,1.0,0.0,0.0,-0.7575095891952515,25,0,0,0
Sea,2022-03-23,1,0.0,0.0,1.0,0.0,0,0,0,0
Sea,2022-08-26,1,1.0,0.0,0.0,-0.9704955220222473,6,0,1,0
Seagate,2022-10-19,1,1.0,0.0,0.0,-0.9520266652107239,2,3,0,0
Section4,2022-05-05,1,1.0,0.0,0.0,-0.6412326693534851,11,1,1,1
SecureWorks,2023-08-07,1,1.0,0.0,0.0,-0.963334858417511,11,0,0,0
Seegrid,2022-07-26,1,1.0,0.0,0.0,-0.9534971117973328,5,1,0,0
Segment,2020-04-29,1,1.0,0.0,0.0,-0.9489585757255554,3,3,0,0
Selina,2023-06-20,1,1.0,0.0,0.0,-0.9560897350311279,2,1,2,0
SellerX,2022-07-12,1,1.0,0.0,0.0,-0.9534637331962585,4,0,0,0
SendCloud,2022-11-03,1,0.0,0.0,1.0,0.0,0,0,0,0
Sendle,2022-06-27,1,0.0,0.0,1.0,0.0,0,0,1,0
Sendoso,2022-05-30,1,1.0,0.0,0.0,-0.8100985884666443,11,0,1,0
Sendy,2022-07-26,2,1.0,0.0,0.0,-0.7313752472400665,13,1,0,0
Sendy,2023-08-01,1,1.0,0.0,0.0,-0.9486649632453918,3,0,2,0
SenseTime,2023-08-21,1,1.0,0.0,0.0,-0.9742122888565063,3,0,0,0
Sensibill,2020-03-25,1,1.0,0.0,0.0,-0.9533735513687134,14,6,0,0
SentinelOne,2023-05-25,1,0.0,0.0,1.0,0.0,0,0,0,0
Service,2020-03-09,1,1.0,0.0,0.0,-0.5554862022399902,2,0,1,0
Service,2020-03-13,1,1.0,0.0,0.0,-0.5554862022399902,2,0,1,0
Shakepay,2023-01-20,1,1.0,0.0,0.0,-0.9685251116752625,24,0,0,1
Share Now,2022-12-02,1,0.0,0.0,1.0,0.0,0,0,0,0
ShareChat,2020-05-13,1,1.0,0.0,0.0,-0.6285717487335205,6,0,1,0
ShareChat,2023-01-09,1,0.0,0.0,1.0,0.0,3,0,0,0
Sherpa,2022-07-22,1,0.0,0.0,1.0,0.0,0,0,0,0
Shift,2023-03-22,1,1.0,0.0,0.0,-0.9650807976722717,4,0,1,0
ShipBob,2022-08-18,1,1.0,0.0,0.0,-0.5883231163024902,6,0,0,0
Shippo,2022-10-27,1,0.0,0.0,1.0,0.0,3,0,1,0
Shop101,2020-04-08,1,0.0,0.0,1.0,0.0,3,0,0,0
ShopX,2022-08-15,1,0.0,0.0,1.0,0.0,2,0,0,0
Shopee,2022-06-07,1,1.0,0.0,0.0,-0.9120486974716187,0,0,0,0
Shopee,2022-09-11,1,0.0,0.0,1.0,0.0,0,0,0,0
Shopee,2022-11-07,1,1.0,0.0,0.0,-0.9503183960914612,13,0,0,0
Shopee,2023-03-02,1,0.0,0.0,1.0,0.0,0,0,0,0
Shopify,2020-08-07,1,1.0,0.0,0.0,-0.9603119492530823,7,0,0,0
Shopify,2022-06-29,1,1.0,0.0,0.0,-0.8089793920516968,2,0,0,0
Shopify,2023-04-27,1,1.0,0.0,0.0,-0.957425594329834,7,0,0,0
Shutterfly,2021-01-18,1,0.0,0.0,1.0,0.0,1,1,0,0
Shutterfly,2023-01-18,1,0.0,0.0,1.0,0.0,12,0,0,0
Shutterfly,2023-08-03,1,1.0,0.0,0.0,-0.7345883846282959,1,0,0,0
Shuttl,2020-03-26,1,0.0,0.0,1.0,0.0,20,0,1,0
Side,2022-10-12,1,1.0,0.0,0.0,-0.9273377060890198,10,0,1,0
Sigfox,2022-04-18,1,0.0,0.0,1.0,0.0,0,0,0,0
Signicat,2022-10-26,1,0.0,1.0,0.0,0.8573105335235596,0,0,0,0
Silofit,2023-07-26,1,1.0,0.0,0.0,-0.964140772819519,11,1,1,0
Similarweb,2022-11-09,1,1.0,0.0,0.0,-0.9499545693397522,1,0,0,0
Similarweb,2023-05-03,1,1.0,0.0,0.0,-0.9246963858604431,3,0,0,0
Simpl,2023-04-02,1,1.0,0.0,0.0,-0.839187741279602,7,0,2,0
Simple Feast,2022-08-31,1,0.0,0.0,1.0,0.0,0,0,0,0
Sinch,2022-10-05,1,0.0,0.0,1.0,0.0,0,2,4,0
Singular,2020-04-16,1,1.0,0.0,0.0,-0.937182605266571,4,0,0,0
SirionLabs,2023-01-18,1,0.0,0.0,1.0,0.0,12,0,0,0
SiriusXM,2023-02-27,1,1.0,0.0,0.0,-0.9261533617973328,2,1,0,0
Sisense,2020-04-16,1,1.0,0.0,0.0,-0.937182605266571,4,0,0,0
Sisense,2023-07-04,1,1.0,0.0,0.0,-0.5474196076393127,9,0,0,0
Skai,2022-07-20,1,1.0,0.0,0.0,-0.9439356327056885,4,0,1,0
Sketch,2022-10-04,1,0.0,0.0,1.0,0.0,1,0,0,0
Skill Lync,2023-04-18,1,0.0,0.0,1.0,0.0,9,1,0,0
Skill Lync,2023-07-06,1,1.0,0.0,0.0,-0.9444749355316162,6,0,0,0
Skillz,2020-04-07,1,1.0,0.0,0.0,-0.8815869092941284,11,0,1,0
Skillz,2022-05-13,1,1.0,0.0,0.0,-0.9465488195419312,18,0,0,0
Skit.ai,2023-01-05,1,0.0,0.0,1.0,0.0,12,1,0,0
Skyscanner,2020-07-07,1,1.0,0.0,0.0,-0.5674608945846558,19,0,0,0
Slite,2023-03-16,1,0.0,0.0,1.0,0.0,2,0,0,0
Slync,2022-07-29,1,0.0,0.0,1.0,0.0,6,1,0,0
Smallcase,2023-03-14,1,1.0,0.0,0.0,-0.9217540621757507,6,1,0,0
SmartNews,2023-01-05,1,1.0,0.0,0.0,-0.9541946053504944,12,1,0,0
Smava,2022-08-24,1,0.0,0.0,1.0,0.0,0,0,0,0
Smava,2022-10-26,1,0.0,0.0,1.0,0.0,0,0,0,0
Snap,2022-08-24,1,0.0,0.0,1.0,0.0,4,0,1,0
Snappy,2023-01-08,1,0.0,0.0,1.0,0.0,3,0,0,0
Snowplow,2023-01-26,1,0.0,0.0,1.0,0.0,1,1,0,0
Snyk,2022-06-23,1,0.0,0.0,1.0,0.0,0,0,0,0
Snyk,2022-10-17,1,1.0,0.0,0.0,-0.7884960174560547,2,2,0,0
Snyk,2023-04-06,1,0.0,0.0,1.0,0.0,0,0,0,0
SoFi,2020-05-13,1,1.0,0.0,0.0,-0.8606918454170227,2,0,0,0
SoFi,2023-01-23,1,0.0,0.0,1.0,0.0,4,0,0,0
Sojern,2020-03-27,1,1.0,0.0,0.0,-0.9085199236869812,2,0,0,0
Solarisbank,2022-09-22,1,0.0,0.0,1.0,0.0,0,0,0,0
Soluto,2022-07-17,1,0.0,0.0,1.0,0.0,2,2,0,0
Sonatype,2023-05-02,1,1.0,0.0,0.0,-0.945845365524292,11,7,2,0
Sonder,2020-03-17,1,1.0,0.0,0.0,-0.8822841644287109,19,0,0,0
Sono Motors,2023-02-20,1,1.0,0.0,0.0,-0.6287078857421875,0,0,0,0
Sonos,2020-06-17,1,1.0,0.0,0.0,-0.936275064945221,1,1,0,0
Sonos,2023-06-07,1,1.0,0.0,0.0,-0.8547177910804749,2,2,0,0
Sophos,2023-01-11,1,1.0,0.0,0.0,-0.9445871114730835,8,1,0,0
Sorabel,2020-07-16,1,0.0,0.0,1.0,0.0,0,0,0,0
SoundCloud,2022-07-27,1,1.0,0.0,0.0,-0.6556404232978821,3,0,0,0
SoundCloud,2023-05-16,1,0.0,0.0,1.0,0.0,6,0,0,0
SoundHound,2022-11-03,1,1.0,0.0,0.0,-0.9474359154701233,9,0,0,0
SoundHound,2022-12-29,1,1.0,0.0,0.0,-0.9679353833198547,13,1,0,0
Soundwide,2023-01-20,1,1.0,0.0,0.0,-0.9535025954246521,4,0,0,0
Sourcegraph,2022-06-14,1,0.0,0.0,1.0,0.0,5,0,0,0
Spaceship,2023-01-12,1,0.0,0.0,1.0,0.0,0,1,0,0
Spartan Poker,2023-08-12,1,0.0,0.0,1.0,0.0,6,0,0,0
Spin,2022-01-01,1,1.0,0.0,0.0,-0.8116560578346252,0,1,0,0
Spin,2022-09-23,1,1.0,0.0,0.0,-0.9610074162483215,9,2,2,0
Spinny,2023-07-26,1,0.0,0.0,1.0,0.0,0,0,0,0
Splyt,2022-11-11,1,0.0,0.0,1.0,0.0,0,0,0,0
Spora Health,2022-11-21,1,0.0,0.0,1.0,0.0,4,0,0,0
Spotify,2022-09-29,1,1.0,0.0,0.0,-0.6250671744346619,3,0,0,0
Spotify,2023-05-29,1,1.0,0.0,0.0,-0.5497943758964539,2,0,0,0
Spreetail,2022-10-20,1,0.0,0.0,1.0,0.0,0,0,0,0
Spring,2022-07-05,1,0.0,0.0,1.0,0.0,10,0,0,0
Springlane,2022-10-21,1,0.0,0.0,1.0,0.0,0,0,0,0
Sprinklr,2020-06-18,1,0.0,0.0,1.0,0.0,23,0,0,0
Sprinklr,2022-06-15,1,1.0,0.0,0.0,-0.6573188900947571,6,1,0,0
Sprinklr,2023-02-08,1,1.0,0.0,0.0,-0.908457338809967,7,0,0,0
Square Roots,2023-07-11,1,1.0,0.0,0.0,-0.5646593570709229,7,0,0,0
Stack Overflow,2020-04-28,1,1.0,0.0,0.0,-0.950395941734314,3,0,0,0
Stack Overflow,2023-05-03,1,0.0,0.0,1.0,0.0,0,0,0,0
Staffbase,2023-05-26,1,0.0,0.0,1.0,0.0,0,0,0,0
Starship,2022-06-02,1,0.0,1.0,0.0,0.8515964150428772,0,0,0,0
Stash,2022-11-29,1,0.0,1.0,0.0,0.6057143211364746,0,0,0,0
Stashaway,2022-06-02,1,0.0,0.0,1.0,0.0,0,0,0,0
Stay Alfred,2020-05-13,1,0.0,0.0,1.0,0.0,0,0,0,0
Stedi,2022-07-26,1,1.0,0.0,0.0,-0.4943844676017761,5,0,0,0
Stint,2022-07-12,1,1.0,0.0,0.0,-0.9385953545570374,4,0,1,0
Stitch Fix,2020-05-25,1,0.0,0.0,1.0,0.0,2,0,0,0
Stitch Fix,2022-06-02,1,1.0,0.0,0.0,-0.9587300419807434,6,1,0,0
Stitch Fix,2022-12-29,1,1.0,0.0,0.0,-0.8311464190483093,4,0,0,0
Stitch Fix,2023-07-05,1,1.0,0.0,0.0,-0.955867350101471,6,0,3,0
Stoa,2023-07-13,1,1.0,0.0,0.0,-0.9103183150291443,3,1,0,0
StockX,2020-04-16,1,1.0,0.0,0.0,-0.9546374082565308,6,0,4,0
StockX,2022-06-21,1,1.0,0.0,0.0,-0.9291589856147766,7,1,0,0
Stockwell AI,2020-06-08,1,1.0,0.0,0.0,-0.6296464800834656,20,0,0,0
Stord,2022-05-26,1,0.0,0.0,1.0,0.0,6,0,0,0
StoryBlocks,2022-11-11,1,0.0,0.0,1.0,0.0,0,1,0,0
Storytel,2022-03-10,1,0.0,0.0,1.0,0.0,0,0,0,0
Strava,2022-11-24,1,1.0,0.0,0.0,-0.8700712323188782,4,0,0,0
Stream,2022-06-23,1,0.0,0.0,1.0,0.0,5,0,0,0
StreamElements,2023-01-03,1,1.0,0.0,0.0,-0.9613250494003296,5,1,0,0
StreamElements,2023-08-10,1,1.0,0.0,0.0,-0.7595443725585938,7,0,0,0
StreetBees,2022-12-13,1,0.0,0.0,1.0,0.0,0,0,0,0
Stripe,2022-08-12,1,1.0,0.0,0.0,-0.9209282994270325,12,0,0,0
StrongDM,2023-02-16,1,0.0,0.0,1.0,0.0,0,0,0,0
StubHub,2020-05-21,1,1.0,0.0,0.0,-0.6976045370101929,22,1,0,0
StubHub,2022-07-28,1,0.0,0.0,1.0,0.0,2,0,0,0
Studio,2022-10-27,1,0.0,0.0,1.0,0.0,0,0,0,0
StudySmarter,2022-11-23,1,0.0,0.0,1.0,0.0,0,0,0,0
Submittable,2020-04-18,1,0.0,0.0,1.0,0.0,24,0,0,0
Subspace,2022-05-06,1,0.0,0.0,1.0,0.0,0,0,0,0
SumUp,2021-04-28,1,0.0,0.0,1.0,0.0,0,0,0,0
SumUp,2022-05-23,1,0.0,0.0,1.0,0.0,0,0,0,0
Sumo Logic,2023-05-31,1,1.0,0.0,0.0,-0.873953104019165,7,0,0,0
Sundae,2022-06-23,1,1.0,0.0,0.0,-0.6618812680244446,5,0,0,0
SundaySky,2022-07-04,1,0.0,0.0,1.0,0.0,0,0,0,0
SuperRare,2022-12-30,1,1.0,0.0,0.0,-0.8911895751953125,4,0,0,0
Superhuman,2022-05-27,1,1.0,0.0,0.0,-0.5596858263015747,10,0,0,0
Superloop,2020-08-17,1,1.0,0.0,0.0,-0.9709442853927612,2,1,0,0
Superpedestrian,2022-06-15,1,0.0,1.0,0.0,0.8915045261383057,10,0,0,0
Swappie,2022-06-08,1,0.0,0.0,1.0,0.0,0,0,0,0
SweetEscape,2020-04-08,1,0.0,0.0,1.0,0.0,1,0,0,0
Sweetgreen,2020-04-10,1,1.0,0.0,0.0,-0.8187012672424316,3,0,0,0
Sweetgreen,2022-08-02,1,1.0,0.0,0.0,-0.9573071599006653,4,0,0,0
Swiggy,2020-04-14,1,1.0,0.0,0.0,-0.8849930763244629,6,0,2,0
Swiggy,2020-07-20,1,1.0,0.0,0.0,-0.9593708515167236,10,3,1,0
Swiggy,2022-12-01,1,0.0,0.0,1.0,0.0,17,1,1,0
Swiggy,2023-01-13,1,1.0,0.0,0.0,-0.9372086524963379,10,2,0,0
Swing Education,2020-08-29,1,0.0,0.0,1.0,0.0,1,0,0,0
Swyft,2022-06-08,1,1.0,0.0,0.0,-0.9626398086547852,10,0,0,0
Swyftx,2022-11-28,1,1.0,0.0,0.0,-0.9238525629043579,5,0,0,0
Symend,2022-11-10,1,0.0,0.0,1.0,0.0,0,0,0,0
Symend,2023-03-10,1,1.0,0.0,0.0,-0.9709751605987549,13,5,0,0
Synamedia,2023-02-15,1,1.0,0.0,0.0,-0.9191124439239502,7,1,0,0
Synapsica,2022-10-14,1,1.0,0.0,0.0,-0.8661974668502808,6,3,0,0
Synergysuite,2020-03-26,1,0.0,0.0,1.0,0.0,1,0,0,0
Synopsys,2023-01-20,1,0.0,0.0,1.0,0.0,12,0,0,0
Syte,2022-06-28,1,0.0,0.0,1.0,0.0,0,0,0,0
TADA,2023-06-08,1,1.0,0.0,0.0,-0.956801176071167,5,1,1,0
TCR2,2022-12-29,1,0.0,0.0,1.0,0.0,0,0,0,0
Taboola,2022-09-06,1,1.0,0.0,0.0,-0.7496398091316223,2,0,1,0
Tackle.io,2023-06-14,1,0.0,0.0,1.0,0.0,0,2,0,0
Talis Biomedical,2022-03-08,1,0.0,0.0,1.0,0.0,0,0,1,0
Talkdesk,2022-07-29,1,0.0,0.0,1.0,0.0,0,0,0,0
Talkdesk,2023-01-26,1,1.0,0.0,0.0,-0.5577120780944824,6,0,0,0
Tally,2020-04-30,1,0.0,0.0,1.0,0.0,24,0,0,0
Tamara Mellon,2020-03-05,1,1.0,0.0,0.0,-0.5168842077255249,4,0,0,0
Tanium,2021-08-23,1,0.0,0.0,1.0,0.0,4,0,0,0
Tapps Games,2022-10-25,1,0.0,0.0,1.0,0.0,0,0,0,0
TaskUs,2023-02-15,1,1.0,0.0,0.0,-0.9495541453361511,7,0,1,0
Taxfix,2023-05-23,1,1.0,0.0,0.0,-0.4614819288253784,4,2,1,0
Teachmint,2022-11-23,1,0.0,0.0,1.0,0.0,12,2,0,0
Teachmint,2023-04-28,1,0.0,0.0,1.0,0.0,13,2,1,0
TealBook,2022-11-10,1,0.0,0.0,1.0,0.0,0,0,0,0
Teamwork,2020-05-15,1,0.0,0.0,1.0,0.0,1,0,0,0
Tekion,2023-07-26,1,0.0,0.0,1.0,0.0,14,2,1,0
Telenav,2023-05-05,1,0.0,0.0,1.0,0.0,1,0,0,0
Teleport,2022-06-24,1,0.0,0.0,1.0,0.0,3,0,0,1
Ten Square Games,2023-04-10,1,1.0,0.0,0.0,-0.9713689088821411,5,0,0,0
Tencent,2023-02-10,1,1.0,0.0,0.0,-0.6671901941299438,5,0,0,0
TenureX,2023-01-30,1,1.0,0.0,0.0,-0.48430606722831726,5,0,0,0
Tesla,2022-05-27,1,1.0,0.0,0.0,-0.9691314697265625,1,0,0,0
Tessera,2023-05-05,1,0.0,0.0,1.0,0.0,0,0,0,0
The Appraisal Lane,2020-07-31,1,0.0,0.0,1.0,0.0,19,0,0,0
The Iconic,2023-02-16,1,0.0,0.0,1.0,0.0,0,1,0,0
The Mom Project,2022-07-07,1,0.0,0.0,1.0,0.0,2,0,0,0
The Org,2022-07-27,1,1.0,0.0,0.0,-0.6424862742424011,1,0,0,0
The Predictive Index,2020-03-26,1,0.0,0.0,1.0,0.0,20,0,0,0
The Predictive Index,2022-07-26,1,0.0,0.0,1.0,0.0,1,0,0,0
The RealReal,2020-04-07,1,1.0,0.0,0.0,-0.5599055290222168,5,0,0,1
The Wing,2020-06-24,1,0.0,0.0,1.0,0.0,3,0,0,0
The Zebra,2022-05-17,1,1.0,0.0,0.0,-0.5312447547912598,6,2,0,4
The Zebra,2022-11-08,1,1.0,0.0,0.0,-0.49299338459968567,3,0,0,0
TheSkimm,2023-01-25,1,1.0,0.0,0.0,-0.8753402829170227,7,0,0,0
TheSkimm,2023-04-26,1,1.0,0.0,0.0,-0.8321020603179932,5,0,0,0
TheWrap,2020-09-22,1,0.0,0.0,1.0,0.0,1,0,0,0
Thimble,2022-06-28,1,0.0,0.0,1.0,0.0,6,0,0,0
Thinkific,2022-03-22,1,1.0,0.0,0.0,-0.9636232256889343,6,0,0,0
Thinkific,2022-11-28,1,1.0,0.0,0.0,-0.7723551392555237,7,0,0,0
Thinkific,2023-01-03,1,1.0,0.0,0.0,-0.9571636319160461,16,0,1,0
ThirdLove,2020-03-20,1,1.0,0.0,0.0,-0.7698109745979309,11,0,0,0
ThirdLove,2020-03-26,1,1.0,0.0,0.0,-0.5891844630241394,8,0,0,0
ThoughtSpot,2020-04-29,1,0.0,0.0,1.0,0.0,9,1,0,0
Thoughtworks,2023-02-22,1,1.0,0.0,0.0,-0.9180962443351746,8,0,0,0
Thrasio,2022-04-25,1,0.0,0.0,1.0,0.0,7,1,0,0
Thread,2022-11-23,1,0.0,0.0,1.0,0.0,0,0,0,0
ThredUp,2021-02-02,1,0.0,0.0,1.0,0.0,4,0,0,0
ThredUp,2022-08-08,1,1.0,0.0,0.0,-0.7523576021194458,1,0,1,0
Thriver,2020-07-30,1,0.0,0.0,1.0,0.0,5,0,0,0
Thumbtack,2020-03-23,1,1.0,0.0,0.0,-0.7679852247238159,23,0,0,0
Tibber,2023-06-20,1,0.0,0.0,1.0,0.0,0,0,0,0
Tickertape,2023-04-20,1,0.0,0.0,1.0,0.0,3,1,0,0
TicketSwap,2020-05-07,1,0.0,0.0,1.0,0.0,0,0,0,0
Tidepool,2020-11-10,1,0.0,0.0,1.0,0.0,0,0,0,0
Tiendanube,2022-10-10,1,0.0,0.0,1.0,0.0,0,0,0,0
Tier Mobility,2022-08-16,1,1.0,0.0,0.0,-0.8794490694999695,9,1,0,0
Tier Mobility,2023-01-18,1,1.0,0.0,0.0,-0.9542735815048218,8,2,0,0
TikTok,2022-07-11,1,1.0,0.0,0.0,-0.9586614370346069,11,9,0,0
TikTok,2023-01-13,1,0.0,0.0,1.0,0.0,9,0,0,0
TikTok India,2023-02-03,1,1.0,0.0,0.0,-0.8676801919937134,0,0,0,0
Tiki,2023-06-04,1,1.0,0.0,0.0,-0.8543471097946167,2,0,0,0
Till Payments,2023-01-03,1,0.0,0.0,1.0,0.0,1,0,0,0
Tilting Point,2023-01-24,1,1.0,0.0,0.0,-0.5762573480606079,5,1,0,0
Tipalti,2023-01-04,1,0.0,0.0,1.0,0.0,4,1,0,0
Toast,2020-03-31,1,1.0,0.0,0.0,-0.8835611343383789,20,0,0,0
TomTom,2022-05-25,1,0.0,0.0,1.0,0.0,2,1,0,0
Tomo,2022-05-24,1,1.0,0.0,0.0,-0.8899980187416077,3,0,0,0
Tomorrow,2022-12-09,1,0.0,0.0,1.0,0.0,0,0,0,0
Tonal,2022-07-06,1,1.0,0.0,0.0,-0.8073839545249939,3,0,0,0
Tonkean,2022-06-08,1,0.0,0.0,1.0,0.0,0,0,0,0
Toothsi,2023-05-05,1,0.0,0.0,1.0,0.0,3,0,1,0
Top Hat,2020-05-05,1,1.0,0.0,0.0,-0.8934305310249329,6,5,2,0
Top Hat,2023-07-28,1,1.0,0.0,0.0,-0.964140772819519,11,1,1,0
Tor,2020-04-10,1,0.0,0.0,1.0,0.0,0,0,0,0
Torii,2023-06-22,1,0.0,0.0,1.0,0.0,3,0,0,0
Toucan,2023-03-02,1,0.0,0.0,1.0,0.0,0,0,0,0
TouchBistro,2020-04-07,1,1.0,0.0,0.0,-0.9602041840553284,7,0,0,0
Tractable,2023-05-16,1,0.0,0.0,1.0,0.0,9,0,0,0
Trade Republic,2022-06-02,1,0.0,0.0,1.0,0.0,0,0,0,0
TradeWindow,2023-03-08,1,0.0,0.0,1.0,0.0,1,0,1,0
Transfix,2020-04-22,1,1.0,0.0,0.0,-0.9535344839096069,4,0,0,0
Transmit Security,2022-06-28,1,0.0,0.0,1.0,0.0,0,0,0,0
TravelBank,2020-03-17,1,1.0,0.0,0.0,-0.5338766574859619,9,0,0,0
TravelTriangle,2020-03-21,1,1.0,0.0,0.0,-0.9655771851539612,6,0,0,0
Traveloka,2020-03-27,1,1.0,0.0,0.0,-0.8285738229751587,0,0,0,0
Trax,2020-04-26,1,1.0,0.0,0.0,-0.9446585774421692,3,0,0,0
Trax,2022-06-13,1,1.0,0.0,0.0,-0.9108289480209351,4,0,0,0
Trax,2022-11-15,1,0.0,0.0,1.0,0.0,0,0,0,0
Trell,2022-03-08,1,1.0,0.0,0.0,-0.8131338953971863,1,1,0,0
TripActions,2020-03-18,1,1.0,0.0,0.0,-0.6902662515640259,23,0,0,0
TripAdvisor,2020-04-21,1,1.0,0.0,0.0,-0.588779091835022,25,0,0,0
TripleLift,2020-03-26,1,1.0,0.0,0.0,-0.9081444144248962,1,0,0,0
TripleLift,2023-02-03,1,1.0,0.0,0.0,-0.9069927334785461,10,0,0,0
Triplebyte,2020-03-16,1,1.0,0.0,0.0,-0.5140716433525085,21,0,0,0
Trivago,2020-04-27,1,0.0,0.0,1.0,0.0,4,1,0,0
Trove Recommerce,2020-04-08,1,1.0,0.0,0.0,-0.5827604532241821,23,0,0,0
Truck It In,2022-05-25,1,0.0,1.0,0.0,0.5917378067970276,2,0,0,0
Truckstop.com,2023-02-23,1,1.0,0.0,0.0,-0.6303587555885315,5,1,0,0
TrueCar,2023-06-07,1,0.0,0.0,1.0,0.0,4,5,0,0
TrueLayer,2022-09-09,1,0.0,1.0,0.0,0.6192147731781006,0,0,0,0
Truepill,2022-08-04,1,1.0,0.0,0.0,-0.9572252631187439,13,0,0,0
Truepill,2022-09-23,1,1.0,0.0,0.0,-0.9156700372695923,16,0,0,0
Truiloo,2022-09-16,1,1.0,0.0,0.0,-0.9255987405776978,11,0,1,0
Trustly,2022-02-10,1,1.0,0.0,0.0,-0.5937903523445129,1,1,0,0
Trybe,2023-06-02,1,0.0,0.0,1.0,0.0,0,0,0,0
TuSimple,2022-12-14,1,1.0,0.0,0.0,-0.9657138586044312,8,3,0,0
TuSimple,2023-05-11,1,1.0,0.0,0.0,-0.9157145023345947,8,2,0,0
Tufin,2022-08-14,1,0.0,1.0,0.0,0.5805390477180481,3,0,0,0
Tuft & Needle,2020-03-12,1,0.0,0.0,1.0,0.0,1,0,0,0
Tulip Retail,2020-04-08,1,0.0,0.0,1.0,0.0,0,0,2,0
Turo,2020-03-24,1,1.0,0.0,0.0,-0.7550836205482483,24,0,0,0
Twiga,2022-11-09,1,1.0,0.0,0.0,-0.849281907081604,4,2,1,0
Twiga,2023-08-13,1,1.0,0.0,0.0,-0.9441455006599426,1,1,1,0
Twilio,2022-09-07,1,1.0,0.0,0.0,-0.6305446624755859,7,0,0,0
Twilio,2023-02-06,1,1.0,0.0,0.0,-0.9606913328170776,5,2,0,0
Twine Solutions,2022-12-29,1,1.0,0.0,0.0,-0.875332236289978,5,0,0,0
Twist Bioscience,2023-04-28,1,0.0,1.0,0.0,0.9336289167404175,0,0,0,0
TytoCare,2023-06-29,1,1.0,0.0,0.0,-0.5016337037086487,3,0,0,0
Ualá,2022-11-23,1,0.0,0.0,1.0,0.0,0,0,0,0
Uber,2020-04-29,1,1.0,0.0,0.0,-0.7325647473335266,26,0,0,0
Uber,2020-05-11,1,1.0,0.0,0.0,-0.964651882648468,31,0,0,0
Uber,2020-06-05,1,1.0,0.0,0.0,-0.9642104506492615,1,0,0,0
Uber,2022-08-31,1,0.0,0.0,1.0,0.0,1,0,0,0
Uber Freight,2023-01-16,1,1.0,0.0,0.0,-0.7661164402961731,2,0,0,0
Uber Freight,2023-07-06,1,1.0,0.0,0.0,-0.9033962488174438,5,0,0,0
Uberflip,2022-07-29,1,1.0,0.0,0.0,-0.4802665710449219,11,0,0,0
Udaan,2022-06-20,1,0.0,0.0,1.0,0.0,12,0,3,0
Udaan,2022-10-28,1,0.0,0.0,1.0,0.0,12,0,1,0
Udacity,2022-10-04,1,1.0,0.0,0.0,-0.4755327105522156,4,0,0,0
Udayy,2022-05-25,1,0.0,0.0,1.0,0.0,9,0,0,0
Udemy,2023-02-07,1,0.0,0.0,1.0,0.0,0,0,0,0
UiPath,2022-06-20,1,1.0,0.0,0.0,-0.9503855109214783,3,5,0,0
Una Brands,2022-06-21,1,1.0,0.0,0.0,-0.8934363722801208,3,0,0,0
Unacademy,2022-03-31,1,1.0,0.0,0.0,-0.839239239692688,3,0,6,0
Unacademy,2022-06-11,1,0.0,0.0,1.0,0.0,7,0,1,0
Unacademy,2022-10-31,1,1.0,0.0,0.0,-0.9576036334037781,11,2,2,0
Unacademy,2023-03-23,1,0.0,0.0,1.0,0.0,15,0,0,0
Unbounce,2022-07-27,1,1.0,0.0,0.0,-0.9479580521583557,11,4,0,0
Uncapped,2022-05-20,1,1.0,0.0,0.0,-0.9288890957832336,4,0,1,0
Unchained Capital,2022-11-11,1,0.0,0.0,1.0,0.0,0,1,0,0
Unite Us,2023-08-14,1,1.0,0.0,0.0,-0.8240302205085754,10,0,0,0
Unity,2022-06-22,1,1.0,0.0,0.0,-0.9445812702178955,8,0,0,1
Unity,2023-05-30,1,0.0,0.0,1.0,0.0,18,1,0,0
Universal Standard,2020-03-18,1,1.0,0.0,0.0,-0.646001935005188,23,0,0,0
Unstoppable Domains,2022-07-07,1,0.0,0.0,1.0,0.0,0,0,0,0
UpGrad,2023-02-27,1,1.0,0.0,0.0,-0.9418779611587524,4,1,1,0
UpScalio,2022-12-29,1,0.0,0.0,1.0,0.0,0,0,0,0
Updater,2022-08-09,1,0.0,0.0,1.0,0.0,0,3,0,0
Upstart,2022-10-25,1,1.0,0.0,0.0,-0.9705765843391418,9,0,0,0
Urban Sports Club,2022-08-25,1,0.0,0.0,1.0,0.0,0,0,0,0
Ursa Major,2023-05-31,1,1.0,0.0,0.0,-0.9513782858848572,9,0,0,0
Utopia Music,2022-11-17,1,1.0,0.0,0.0,-0.45082399249076843,5,0,0,0
Utopia Music,2023-04-10,1,0.0,0.0,1.0,0.0,4,3,0,0
VSCO,2020-04-07,1,0.0,0.0,1.0,0.0,19,0,0,0
VTEX,2022-05-19,1,0.0,0.0,1.0,0.0,2,0,0,0
Vah Vah!,2023-04-23,1,0.0,0.0,1.0,0.0,0,0,0,0
Vallai,2023-04-25,1,0.0,0.0,1.0,0.0,0,0,0,0
VanHack,2022-10-04,1,0.0,0.0,1.0,0.0,0,0,0,0
Varo,2023-05-04,1,0.0,1.0,0.0,0.8850833177566528,0,0,1,0
Varonis,2022-10-30,1,1.0,0.0,0.0,-0.9686530232429504,7,0,0,0
Vedantu,2022-04-28,1,0.0,0.0,1.0,0.0,8,2,0,0
Vedantu,2022-05-11,1,1.0,0.0,0.0,-0.9464864134788513,8,2,0,0
Vedantu,2022-07-26,1,0.0,0.0,1.0,0.0,19,4,2,0
Vedantu,2022-11-30,1,1.0,0.0,0.0,-0.969347357749939,16,0,1,0
Vee,2022-07-24,1,0.0,0.0,1.0,0.0,2,0,0,0
Vee,2022-10-18,1,1.0,0.0,0.0,-0.821090817451477,5,0,0,0
Veeam,2023-03-16,1,1.0,0.0,0.0,-0.5257849097251892,7,0,0,0
Veev,2022-11-04,1,1.0,0.0,0.0,-0.5547725558280945,4,0,0,0
Velodyne Lidar,2023-02-17,1,0.0,0.0,1.0,0.0,21,0,0,0
Vendasta,2022-08-11,1,0.0,0.0,1.0,0.0,2,0,0,0
Vendease,2022-11-18,1,0.0,1.0,0.0,0.9200581312179565,2,0,0,0
Venngage,2023-01-17,1,1.0,0.0,0.0,-0.9685251116752625,24,0,0,1
VerSe Innovation,2022-11-18,1,1.0,0.0,0.0,-0.9443755149841309,4,0,0,0
Verbit,2022-06-28,1,1.0,0.0,0.0,-0.523875892162323,7,1,0,0
Verbit,2023-07-20,1,1.0,0.0,0.0,-0.9172688722610474,7,0,0,0
Veriff,2020-04-27,1,1.0,0.0,0.0,-0.6911450624465942,0,0,0,0
VerticalScope,2023-01-25,1,1.0,0.0,0.0,-0.9713322520256042,3,0,0,0
Vesttoo,2023-07-25,1,0.0,0.0,1.0,0.0,2,0,0,0
Vezeeta,2022-06-21,1,1.0,0.0,0.0,-0.7338955998420715,14,0,1,0
Vial,2023-01-06,1,0.0,0.0,1.0,0.0,11,0,1,0
Viamo,2022-08-24,1,1.0,0.0,0.0,-0.6083613038063049,5,1,0,0
Viant,2022-12-06,1,0.0,0.0,1.0,0.0,1,0,2,0
Viaplay,2023-07-13,1,0.0,0.0,1.0,0.0,3,2,1,0
Viasat,2023-04-05,1,0.0,0.0,1.0,0.0,3,0,0,0
Viber,2022-11-08,1,1.0,0.0,0.0,-0.7668086290359497,5,0,0,0
Vicarious Surgical,2023-02-08,1,1.0,0.0,0.0,-0.9298457503318787,2,0,1,0
VideoAmp,2020-04-01,1,1.0,0.0,0.0,-0.9288027882575989,6,0,0,0
VideoAmp,2022-09-12,1,0.0,0.0,1.0,0.0,0,2,0,0
View,2020-04-08,1,1.0,0.0,0.0,-0.9331502914428711,6,0,0,0
View,2023-03-27,1,1.0,0.0,0.0,-0.9274720549583435,4,0,1,0
Vimeo,2022-07-11,1,1.0,0.0,0.0,-0.8948748707771301,6,0,0,0
Virgin Hyperloop,2022-02-14,1,0.0,0.0,1.0,0.0,0,0,0,0
Virta Health,2020-03-31,1,1.0,0.0,0.0,-0.9552152752876282,4,0,0,0
Vista Group,2023-06-28,1,0.0,0.0,1.0,0.0,0,3,0,0
Voi,2020-03-26,1,0.0,0.0,1.0,0.0,5,0,1,0
Voi,2022-11-30,1,0.0,0.0,1.0,0.0,0,0,0,0
Volt Bank,2022-06-22,1,0.0,0.0,1.0,0.0,0,0,0,0
Voly,2022-06-15,1,1.0,0.0,0.0,-0.9701886177062988,5,0,0,0
Vox Media,2020-07-07,1,1.0,0.0,0.0,-0.9700824022293091,7,0,0,0
Vox Media,2023-01-13,1,1.0,0.0,0.0,-0.9594931602478027,9,0,0,0
Voyage SMS,2022-06-16,1,1.0,0.0,0.0,-0.9520876407623291,4,0,0,0
Vroom,2023-04-20,1,1.0,0.0,0.0,-0.923082172870636,5,1,0,0
WHOOP,2022-07-14,1,1.0,0.0,0.0,-0.9305161833763123,6,0,0,0
WHOOP,2023-01-03,1,1.0,0.0,0.0,-0.49462857842445374,7,0,0,0
Wahoo Fitness,2022-04-20,1,0.0,0.0,1.0,0.0,0,0,0,0
WalkMe,2023-01-01,1,1.0,0.0,0.0,-0.9507303833961487,4,0,0,0
WalkMe,2023-04-12,1,1.0,0.0,0.0,-0.8996114730834961,7,0,0,0
Wallbox,2023-01-12,1,1.0,0.0,0.0,-0.8940960168838501,15,0,3,0
WanderJaunt,2022-06-24,1,0.0,0.0,1.0,0.0,0,0,0,0
Warby Parker,2022-08-01,1,0.0,0.0,1.0,0.0,4,1,1,0
Warren,2022-08-10,1,0.0,0.0,1.0,0.0,2,0,0,0
Wattpad,2023-03-01,1,1.0,0.0,0.0,-0.9622384309768677,10,1,0,1
Wave,2022-07-06,1,1.0,0.0,0.0,-0.9597570896148682,9,0,1,0
Wave Financial,2023-03-02,1,1.0,0.0,0.0,-0.6605005860328674,0,0,0,0
Wave Sports and Entertainment,2022-06-06,1,1.0,0.0,0.0,-0.6764390468597412,4,2,1,0
WayCool,2023-07-04,1,0.0,0.0,1.0,0.0,0,3,0,0
Wayfair,2022-08-12,1,1.0,0.0,0.0,-0.9727957844734192,7,0,0,1
Wayflyer,2022-11-09,1,1.0,0.0,0.0,-0.8461899161338806,1,0,0,0
Waze,2020-09-02,1,0.0,0.0,1.0,0.0,4,1,0,0
Waze,2023-06-20,1,0.0,0.0,1.0,0.0,2,0,0,0
WazirX,2022-09-25,1,1.0,0.0,0.0,-0.9658417701721191,5,0,0,0
WeFit,2020-05-06,1,0.0,0.0,1.0,0.0,0,0,0,0
WeTrade,2023-02-02,1,0.0,0.0,1.0,0.0,4,0,1,0
WeWork,2020-04-22,1,0.0,0.0,1.0,0.0,11,1,0,0
WeWork,2020-05-11,1,1.0,0.0,0.0,-0.46640515327453613,1,0,2,0
WeWork,2020-09-16,1,0.0,0.0,1.0,0.0,3,0,0,0
WeWork,2023-01-12,1,0.0,0.0,1.0,0.0,0,0,0,0
Weedmaps,2022-07-28,1,1.0,0.0,0.0,-0.9474267363548279,5,1,2,0
Weedmaps,2022-11-29,1,1.0,0.0,0.0,-0.9336728453636169,5,0,0,0
Weee!,2022-06-08,1,1.0,0.0,0.0,-0.9481894969940186,6,1,0,0
Wefox,2023-01-24,1,0.0,0.0,1.0,0.0,0,0,0,0
Welkin Health,2020-04-17,1,1.0,0.0,0.0,-0.7108422517776489,8,0,0,0
Western Digital,2023-05-17,1,1.0,0.0,0.0,-0.9089796543121338,5,0,0,0
Wheel,2022-08-11,1,1.0,0.0,0.0,-0.5392690300941467,6,0,0,0
Whereby,2022-07-25,1,0.0,0.0,1.0,0.0,0,0,0,0
Whispir,2022-11-08,1,1.0,0.0,0.0,-0.6850911378860474,1,0,0,0
WhiteHat Jr,2020-12-30,1,0.0,0.0,1.0,0.0,2,3,1,0
WhiteHat Jr,2022-06-21,1,1.0,0.0,0.0,-0.9055511355400085,6,0,0,0
Wildlife Studios,2022-11-21,1,1.0,0.0,0.0,-0.9334471821784973,7,0,0,0
Willow,2022-12-16,1,0.0,0.0,1.0,0.0,1,0,0,0
WillowTree,2023-05-17,1,1.0,0.0,0.0,-0.575310230255127,2,3,0,0
Wistia,2022-11-03,1,0.0,0.0,1.0,0.0,0,0,0,0
Wix,2022-08-02,1,1.0,0.0,0.0,-0.9474264979362488,4,0,0,0
Wix,2023-02-08,1,1.0,0.0,0.0,-0.8383234143257141,11,0,2,0
Wonderschool,2020-03-18,1,1.0,0.0,0.0,-0.5735782384872437,20,0,0,0
Wonderschool,2023-02-03,1,0.0,0.0,1.0,0.0,0,0,0,0
Wordstream,2020-03-30,1,0.0,0.0,1.0,0.0,0,0,0,0
Workato,2023-01-25,1,0.0,0.0,1.0,0.0,18,0,0,0
Workday,2023-01-24,1,1.0,0.0,0.0,-0.6802220940589905,3,0,0,0
Workit Health,2023-03-31,1,1.0,0.0,0.0,-0.832907497882843,1,0,0,0
Workmotion,2022-12-08,1,1.0,0.0,0.0,-0.9626559615135193,1,0,0,0
Workrise,2022-03-29,1,1.0,0.0,0.0,-0.8543727993965149,7,1,0,0
XP,2023-01-10,1,0.0,0.0,1.0,0.0,0,0,0,0
Xendit,2022-09-27,1,0.0,0.0,1.0,0.0,0,0,0,0
Xendit,2023-08-09,1,0.0,0.0,1.0,0.0,0,0,0,0
Xentral,2022-12-03,1,0.0,0.0,1.0,0.0,0,0,0,0
Xerpa,2020-04-07,1,0.0,0.0,1.0,0.0,0,0,0,0
Xiaomi India,2023-06-22,1,0.0,0.0,1.0,0.0,6,1,0,0
Xing,2023-03-14,1,0.0,0.0,1.0,0.0,0,0,0,0
Xsight Labs,2022-08-31,1,0.0,0.0,1.0,0.0,3,0,0,0
Yabonza,2022-07-22,1,0.0,0.0,1.0,0.0,1,0,0,0
Yapily,2022-11-24,1,0.0,0.0,1.0,0.0,0,0,0,0
Yellow.ai,2023-02-22,1,0.0,0.0,1.0,0.0,10,1,0,0
Yelp,2020-04-02,1,1.0,0.0,0.0,-0.7659305334091187,26,0,0,0
Yelp,2020-07-06,1,1.0,0.0,0.0,-0.7333426475524902,4,0,0,0
Yoco,2020-04-22,1,0.0,0.0,1.0,0.0,0,0,0,0
Yojak,2022-05-26,1,0.0,0.0,1.0,0.0,14,0,1,0
Yotpo,2022-11-09,1,1.0,0.0,0.0,-0.9443724155426025,3,0,0,0
YourGrocer,2022-12-12,1,0.0,0.0,1.0,0.0,0,0,0,0
Zak,2022-05-09,1,0.0,0.0,1.0,0.0,0,0,0,0
Zalando,2023-06-06,1,0.0,0.0,1.0,0.0,0,0,0,0
Zapier,2023-06-21,1,0.0,0.0,1.0,0.0,0,0,0,0
Zapp,2022-05-18,1,1.0,0.0,0.0,-0.9237237572669983,0,0,0,0
Zappos,2022-09-13,1,0.0,0.0,1.0,0.0,1,0,0,0
Zappos,2023-01-13,1,0.0,0.0,1.0,0.0,10,0,0,0
Zego,2022-07-07,1,1.0,0.0,0.0,-0.5773444175720215,4,0,0,0
Zeitgold,2020-07-20,1,1.0,0.0,0.0,-0.7199591398239136,20,0,0,0
Zencity,2022-07-13,1,1.0,0.0,0.0,-0.8446407318115234,3,0,0,0
Zendesk,2023-05-24,1,0.0,0.0,1.0,0.0,3,0,0,0
Zenefits,2020-04-16,1,1.0,0.0,0.0,-0.8904507756233215,6,0,0,0
Zenius,2022-05-17,1,0.0,0.0,1.0,0.0,0,0,0,0
Zenius,2022-07-28,1,0.0,0.0,1.0,0.0,5,0,0,0
Zenjob,2022-09-22,1,0.0,0.0,1.0,0.0,0,0,0,0
Zepto,2022-06-25,1,0.0,0.0,1.0,0.0,5,0,0,0
Zepz,2023-05-09,1,1.0,0.0,0.0,-0.6560981869697571,3,0,0,0
Zerto,2020-03-24,1,0.0,0.0,1.0,0.0,2,0,0,0
ZestMoney,2023-03-31,1,0.0,0.0,1.0,0.0,8,1,0,0
Zeus Living,2020-03-17,1,1.0,0.0,0.0,-0.647661030292511,21,0,0,0
Zeus Living,2020-05-05,1,1.0,0.0,0.0,-0.8353284597396851,5,0,0,0
Zhihu,2022-12-13,1,1.0,0.0,0.0,-0.8988178968429565,1,0,0,0
Zilch,2022-11-19,1,1.0,0.0,0.0,-0.9584325551986694,9,1,2,0
Zillow,2022-10-19,1,1.0,0.0,0.0,-0.8035541772842407,7,0,0,0
Zipcar,2020-03-20,1,1.0,0.0,0.0,-0.6099929213523865,22,0,0,0
Ziroom,2022-06-03,1,1.0,0.0,0.0,-0.9716100096702576,0,0,0,0
Zomato,2020-05-08,1,0.0,0.0,1.0,0.0,23,0,0,0
Zomato,2022-11-12,1,1.0,0.0,0.0,-0.962456464767456,2,0,1,0
Zoom,2023-01-31,1,1.0,0.0,0.0,-0.9128364324569702,4,0,0,0
Zoomo,2022-09-27,1,1.0,0.0,0.0,-0.47378045320510864,0,0,0,0
Zoomo,2023-04-25,1,0.0,0.0,1.0,0.0,3,2,0,0
Zoopla,2022-12-16,1,0.0,0.0,1.0,0.0,0,0,0,0
Zoox,2020-03-27,1,0.0,0.0,1.0,0.0,8,0,0,0
Zscaler,2023-02-23,1,1.0,0.0,0.0,-0.8760080337524414,7,3,0,0
Zulily,2023-06-09,1,0.0,0.0,1.0,0.0,8,0,1,0
Zum,2020-04-13,1,1.0,0.0,0.0,-0.615451455116272,24,0,0,0
Zume,2020-04-08,1,1.0,0.0,0.0,-0.8887690305709839,8,0,0,0
Zumper,2022-06-09,1,1.0,0.0,0.0,-0.9620871543884277,4,0,1,0
Zwift,2020-03-16,1,0.0,0.0,1.0,0.0,4,1,0,0
Zwift,2022-05-05,1,1.0,0.0,0.0,-0.7873690724372864,8,1,0,0
Zwift,2023-02-28,1,1.0,0.0,0.0,-0.8542092442512512,7,2,0,0
Zymergen,2022-08-19,1,1.0,0.0,0.0,-0.9518351554870605,4,3,0,0
Zymergen,2023-04-26,1,1.0,0.0,0.0,-0.9433237910270691,15,3,1,0
dbt Labs,2023-05-11,1,0.0,0.0,1.0,0.0,1,0,0,0
eGym,2020-03-26,1,0.0,0.0,1.0,0.0,0,0,0,0
eToro,2022-06-28,1,1.0,0.0,0.0,-0.711253821849823,2,0,0,0
iCAD,2023-03-22,1,1.0,0.0,0.0,-0.9671725630760193,3,4,0,0
iFit,2021-12-01,1,0.0,0.0,1.0,0.0,0,0,0,0
iFit,2022-02-18,1,0.0,0.0,1.0,0.0,2,0,0,0
iFit,2022-11-07,1,0.0,0.0,1.0,0.0,0,0,0,0
iPrice Group,2022-06-01,1,0.0,0.0,1.0,0.0,0,0,0,0
iQiyi Smart,2023-08-07,1,1.0,0.0,0.0,-0.9277815222740173,1,0,0,0
iRobot,2023-02-06,1,1.0,0.0,0.0,-0.8838803768157959,7,0,1,0
inDrive,2023-07-25,1,0.0,0.0,1.0,0.0,0,0,0,0
kununu,2020-08-19,1,0.0,0.0,1.0,0.0,0,0,0,0
nCino,2023-01-11,1,1.0,0.0,0.0,-0.9603444933891296,9,0,0,0
